player_id,total_finishing,total_chance_creation,total_ball_progression,total_dribbling,total_ball_winning,total_defensive_actions,total_passing_accuracy,total_long_passing,total_events,matches_played,player_name,position,season_avg_x,events_per_match,estimated_minutes_per_match,estimated_total_minutes,finishing_per90,chance_creation_per90,ball_progression_per90,dribbling_per90,ball_winning_per90,defensive_actions_per90,passing_accuracy_per90,long_passing_per90,finishing_rating,chance_creation_rating,ball_progression_rating,dribbling_rating,ball_winning_rating,defensive_actions_rating,passing_accuracy_rating,long_passing_rating,overall_rating,within_position_overall,market_value_millions,value_score,expected_rating,rating_vs_expected,value_category
66446,57.1,56.0,73.5,41.0,63.5,56.3,77.9,-1.5,1005,26,Oscar Vilhelmsson,midfielder,9.088631578947368,38.65384615384615,90.0,2340.0,2.1961538461538463,2.153846153846154,2.8269230769230766,1.5769230769230769,2.4423076923076925,2.1653846153846152,2.996153846153846,-0.057692307692307696,82.3,34.0,3.8,16.3,3.3,4.1,1.0,,14.5,6.7,,,,, Standard
27426,30.7,28.0,187.5,49.0,117.5,126.8,377.9,33.0,1795,18,Josha Vagnoman,midfielder,2.2604166666666665,99.72222222222223,90.0,1620.0,1.7055555555555555,1.5555555555555554,10.416666666666666,2.7222222222222223,6.527777777777778,7.044444444444444,20.994444444444444,1.8333333333333335,73.2,20.6,37.3,46.9,31.6,45.9,70.3,,41.2,34.4,10.0,4.12,33.33333333333333,7.866666666666674, Standard
1232,13.5,121.0,370.5,61.0,152.0,162.9,508.5,52.5,2406,23,Philipp Max,midfielder,-1.7371956339210748,104.6086956521739,90.0,2070.0,0.5869565217391304,5.260869565217392,16.108695652173914,2.652173913043478,6.608695652173913,7.082608695652174,22.108695652173914,2.282608695652174,34.4,75.6,63.1,44.7,32.5,47.3,74.6,,58.7,60.7,2.0,29.35,6.666666666666667,52.03333333333334, Standard
22967,66.6,92.0,87.0,34.0,74.5,82.0,184.7,4.5,1431,28,Philipp Hofmann,forward,11.009942363112392,51.107142857142854,90.0,2520.0,2.3785714285714286,3.285714285714286,3.107142857142857,1.2142857142857144,2.6607142857142856,2.928571428571429,6.596428571428571,0.1607142857142857,50.1,39.3,8.0,5.7,,,,,35.9,27.3,1.5,23.933333333333334,5.0,30.9, Standard
1050,13.299999999999999,10.0,457.5,63.5,494.5,393.5,742.4,83.5,3434,28,Nicolas Höfler,midfielder,-5.396206997941782,122.64285714285714,90.0,2520.0,0.4749999999999999,0.3571428571428571,16.339285714285715,2.267857142857143,17.660714285714285,14.053571428571429,26.514285714285712,2.982142857142857,28.7,1.9,64.1,34.9,95.7,92.8,82.3,,55.9,53.8,1.5,37.266666666666666,5.0,50.9, Standard
69542,4.3,0.0,36.0,12.0,18.0,4.0,56.0,1.0,292,9,Fábio Carvalho,forward,11.094501718213058,32.44444444444444,83.42857142857142,750.8571428571428,0.5154109589041096,0.0,4.315068493150686,1.4383561643835618,2.157534246575343,0.4794520547945206,6.712328767123289,0.11986301369863014,4.6,2.3,26.2,10.2,,,,,6.1,2.3,,,,, Standard
1171,13.0,108.0,468.5,85.5,161.5,149.1,513.1,175.0,2290,22,Pascal Stenzel,midfielder,-1.1321396993810788,104.0909090909091,90.0,1980.0,0.5909090909090909,4.909090909090909,21.295454545454547,3.8863636363636362,7.340909090909091,6.777272727272727,23.322727272727274,7.954545454545454,34.9,73.7,80.3,67.9,36.8,43.5,77.5,,66.7,73.7,2.5,26.68,8.333333333333332,58.366666666666674, Standard
9586,0.0,10.0,1586.0,211.5,12.0,160.5,223.3,461.5,4016,33,Manuel Riemann,defender,-35.53153961136024,121.6969696969697,90.0,2970.0,0.0,0.30303030303030304,48.06060606060606,6.409090909090909,0.36363636363636365,4.863636363636363,6.766666666666667,13.984848484848484,,,95.1,,23.5,24.5,2.9,97.0,39.7,40.2,0.6,66.16666666666667,2.0,37.7, Standard
356,75.8,133.0,468.5,99.5,279.0,212.3,635.2,71.0,3095,25,Marcel Sabitzer,midfielder,1.6035179153094463,123.8,90.0,2250.0,3.0319999999999996,5.32,18.740000000000002,3.9800000000000004,11.16,8.492,25.408,2.8400000000000003,92.8,76.0,74.1,70.3,70.8,59.3,81.3,,74.9,86.1,20.0,3.745,66.66666666666666,8.233333333333348, Standard
1283,20.3,0.0,455.0,56.0,216.5,296.0,310.8,80.0,1852,17,Niklas Stark,defender,-19.777899343544856,108.94117647058823,90.0,1530.0,1.1941176470588235,0.0,26.764705882352942,3.294117647058824,12.735294117647058,17.411764705882355,18.282352941176473,4.705882352941177,,,53.9,,56.9,68.6,46.1,45.1,58.1,59.8,5.0,11.620000000000001,16.666666666666664,41.43333333333334, Standard
33328,0.0,0.0,164.5,13.5,0.0,14.5,68.4,34.0,678,7,Jonas Omlin,defender,-41.52846607669616,96.85714285714286,90.0,630.0,0.0,0.0,23.5,1.9285714285714286,0.0,2.0714285714285716,9.771428571428572,4.857142857142858,,,45.1,,4.9,12.7,14.7,48.0,18.4,8.8,,,,, Standard
56370,7.8,28.0,91.5,31.5,57.5,56.1,109.1,6.5,667,16,Jakub Kaminski,forward,11.295151515151515,41.6875,90.0,1440.0,0.48750000000000004,1.75,5.71875,1.9687499999999998,3.5937499999999996,3.5062499999999996,6.81875,0.40624999999999994,3.4,9.7,39.8,17.1,,,,,9.8,4.6,,,,, Standard
1132,72.5,109.0,94.0,47.5,78.5,60.6,159.7,2.0,1121,28,Yussuf Poulsen,midfielder,8.981128584643846,40.035714285714285,90.0,2520.0,2.589285714285714,3.892857142857143,3.357142857142857,1.6964285714285714,2.803571428571429,2.164285714285714,5.703571428571428,0.07142857142857142,87.0,59.3,4.8,18.7,5.3,3.3,6.2,,21.4,13.4,,,,, Standard
50078,11.9,88.0,938.5,79.0,359.0,460.9,1235.9,194.0,5876,26,Hiroki Ito,defender,-10.444847034694924,226.0,90.0,2340.0,0.45769230769230773,3.3846153846153846,36.09615384615385,3.0384615384615383,13.807692307692308,17.726923076923075,47.53461538461539,7.461538461538462,,,83.3,,64.7,70.6,97.0,73.5,73.9,81.4,30.0,2.4633333333333334,95.0,-21.099999999999994," Fair Value (Good Performance, Fair Price)"
52688,145.8,424.0,810.0,320.0,222.5,164.4,867.5,124.5,4717,32,Xavi Simons,forward,10.398624838848303,147.40625,90.0,2880.0,4.55625,13.25,25.3125,10.0,6.953125,5.1375,27.109375,3.890625,78.5,95.6,97.9,97.9,,,,,88.5,95.6,80.0,1.10625,95.0,-6.5, Elite (Expensive but Worth It)
1249,6.7,10.0,408.5,49.5,256.5,339.0,468.7,42.0,2772,24,Marvin Friedrich,defender,-19.67918781725888,115.5,90.0,2160.0,0.2791666666666667,0.41666666666666663,17.020833333333336,2.0625,10.6875,14.125,19.529166666666665,1.75,,,18.6,,43.1,50.0,54.9,6.9,39.6,39.2,2.5,15.84,8.333333333333332,31.26666666666667, Standard
53734,42.9,80.0,331.0,125.5,193.5,175.6,220.6,33.0,1942,22,Jan Thielmann,midfielder,4.227191129883844,88.27272727272727,90.0,1980.0,1.9500000000000002,3.6363636363636367,15.045454545454545,5.704545454545455,8.795454545454547,7.981818181818182,10.027272727272727,1.5,78.9,56.4,57.4,90.4,52.6,57.9,26.3,,56.2,56.2,4.0,14.05,13.333333333333334,42.86666666666667, Standard
735,88.9,35.0,50.5,51.0,49.5,40.3,142.2,9.5,891,20,Patrik Schick,forward,17.274970896391153,44.55,90.0,1800.0,4.445,1.75,2.525,2.55,2.475,2.015,7.1099999999999985,0.47500000000000003,77.4,9.7,2.3,39.8,,,,,45.8,48.4,22.0,2.0818181818181816,73.33333333333333,-27.53333333333333, Standard
51853,7.8,142.0,382.0,96.0,249.5,237.9,358.5,16.0,2545,23,Rasmus Carstensen,midfielder,-0.8549183592194344,110.65217391304348,90.0,2070.0,0.3391304347826087,6.173913043478262,16.608695652173914,4.173913043478261,10.847826086956522,10.343478260869565,15.58695652173913,0.6956521739130435,23.0,82.3,66.2,73.7,68.4,76.5,51.2,,66.6,73.2,3.5,19.02857142857143,11.666666666666666,54.93333333333333, Standard
57263,43.9,111.0,289.5,86.5,194.0,169.0,318.1,47.5,2103,28,Kevin Paredes,midfielder,5.695281656234955,75.10714285714286,90.0,2520.0,1.5678571428571428,3.9642857142857144,10.339285714285714,3.0892857142857144,6.928571428571429,6.035714285714286,11.360714285714288,1.6964285714285714,68.9,60.3,36.8,55.5,34.4,34.4,31.6,,43.7,37.3,7.5,5.826666666666667,25.0,18.700000000000003, Standard
4992,24.2,6.0,232.5,26.0,407.5,565.1,277.3,55.5,2174,24,Ivan Ordets,defender,-15.941085634066448,90.58333333333333,90.0,2160.0,1.0083333333333333,0.25,9.6875,1.0833333333333333,16.979166666666668,23.545833333333334,11.554166666666665,2.3125,,,4.9,,84.3,94.1,20.6,11.8,61.4,61.8,2.0,30.7,6.666666666666667,54.733333333333334, Standard
10145,90.9,83.0,219.5,101.5,129.0,116.6,239.2,26.5,1909,32,Ihlas Bebou,forward,12.185522788203754,59.65625,90.0,2880.0,2.840625,2.59375,6.859375000000001,3.171875,4.03125,3.64375,7.475,0.828125,56.9,22.8,52.3,50.1,,,,,45.1,46.7,4.0,11.275,13.333333333333334,31.766666666666666, Standard
1979,5.8999999999999995,39.0,392.5,64.0,214.5,176.6,492.2,79.0,2576,17,Ramy Bensebaini,midfielder,-2.7719765166340506,151.52941176470588,90.0,1530.0,0.34705882352941175,2.2941176470588234,23.088235294117645,3.764705882352941,12.617647058823529,10.388235294117647,28.952941176470585,4.647058823529411,23.4,37.3,83.7,66.5,81.3,77.0,84.2,,69.1,78.0,7.0,9.87142857142857,23.333333333333332,45.766666666666666, Standard
23032,40.5,153.0,175.0,81.0,66.5,72.2,133.8,8.0,1483,25,Christopher Antwi-Adjei,forward,17.14192654192654,59.32,90.0,2250.0,1.6199999999999999,6.12,7.0,3.2399999999999998,2.66,2.888,5.352,0.32,29.6,75.1,53.5,51.2,,,,,48.8,54.6,1.5,32.53333333333333,5.0,43.8, Standard
52004,31.6,58.0,268.5,47.0,410.0,332.8,301.1,62.0,2207,26,Jan Schöppner,midfielder,-3.396287809349221,84.88461538461539,90.0,2340.0,1.2153846153846155,2.230769230769231,10.326923076923077,1.807692307692308,15.769230769230768,12.8,11.580769230769231,2.3846153846153846,58.8,36.3,36.3,21.0,93.7,90.4,32.5,,46.6,40.4,2.5,18.64,8.333333333333332,38.266666666666666, Standard
5940,0.0,0.0,248.5,26.5,113.0,135.5,203.1,23.0,1194,11,Stanley Nsoki,defender,-11.046734520780323,108.54545454545455,90.0,990.0,0.0,0.0,22.59090909090909,2.409090909090909,10.272727272727273,12.318181818181818,18.46363636363636,2.090909090909091,,,41.2,,39.2,36.3,49.0,8.8,38.2,35.8,2.5,15.280000000000001,8.333333333333332,29.86666666666667, Standard
8355,8.4,108.0,660.0,129.0,236.0,243.4,629.7,99.5,3329,27,Emir Karic,midfielder,-0.3946682823386854,123.29629629629629,90.0,2430.0,0.3111111111111111,4.0,24.444444444444443,4.777777777777778,8.74074074074074,9.014814814814814,23.322222222222223,3.685185185185185,20.6,61.0,87.0,80.8,50.7,66.5,77.0,,69.9,78.9,1.2,58.25000000000001,4.0,65.9, Standard
9820,117.5,210.0,369.5,145.5,172.0,181.9,429.0,70.5,2922,30,Tim Skarke,midfielder,7.948335085874517,97.4,90.0,2700.0,3.9166666666666665,7.0,12.316666666666668,4.85,5.733333333333333,6.0633333333333335,14.299999999999999,2.35,96.6,84.7,45.4,82.0,26.3,35.4,44.0,,55.9,53.8,4.0,13.975,13.333333333333334,42.56666666666666, Standard
1120,12.9,42.0,994.5,145.5,417.0,527.6,1006.3,213.5,5102,31,Anthony Jung,defender,-16.105260047281323,164.58064516129033,90.0,2790.0,0.4161290322580645,1.3548387096774195,32.08064516129032,4.693548387096774,13.451612903225808,17.01935483870968,32.461290322580645,6.887096774193548,,,66.7,,60.8,66.7,84.3,70.6,66.6,68.6,1.2,55.5,4.0,62.599999999999994, Standard
67536,2.3,10.0,50.0,9.5,83.0,45.4,94.3,8.0,517,11,Andreas Müller,midfielder,-1.4917808219178084,47.0,90.0,990.0,0.20909090909090908,0.9090909090909092,4.545454545454545,0.8636363636363635,7.545454545454545,4.127272727272727,8.572727272727272,0.7272727272727273,15.3,7.2,8.6,3.3,39.2,21.5,21.0,,15.2,7.2,,,,, Standard
7376,0.0,13.0,82.0,7.5,33.0,53.6,77.3,18.0,435,6,Paul Jaeckel,defender,-16.342068965517242,72.5,90.0,540.0,0.0,2.1666666666666665,13.666666666666666,1.25,5.5,8.933333333333334,12.883333333333333,3.0,,,9.8,,26.5,28.4,25.5,20.6,23.3,11.8,,,,, Standard
647,16.7,120.0,327.5,51.5,174.5,201.5,284.1,48.5,1826,20,Silvan Widmer,midfielder,0.4270810210876801,91.3,90.0,1800.0,0.835,6.0,16.375,2.575,8.725,10.075,14.205000000000002,2.425,41.1,81.1,64.6,41.6,50.2,73.7,43.0,,59.5,63.1,2.5,23.8,8.333333333333332,51.16666666666667, Standard
1023,0.0,0.0,1049.5,106.5,3.0,93.5,417.7,234.0,2990,30,Alexander Nübel,defender,-42.140515222482435,99.66666666666667,90.0,2700.0,0.0,0.0,34.983333333333334,3.55,0.1,3.1166666666666667,13.923333333333334,7.800000000000001,,,78.4,,14.7,20.6,29.4,77.4,33.8,31.4,12.0,2.8166666666666664,40.0,-6.200000000000003, Standard
7947,19.8,0.0,1146.5,202.5,352.5,379.5,1141.7,316.0,5356,25,Dayot Upamecano,defender,-10.513521126760564,214.24,90.0,2250.0,0.792,0.0,45.86,8.1,14.100000000000001,15.18,45.668,12.64,,,94.1,,66.7,53.9,95.1,96.1,72.7,79.4,45.0,1.6155555555555556,95.0,-22.299999999999997," Fair Value (Good Performance, Fair Price)"
1053,86.3,105.0,970.5,216.5,382.5,263.5,1187.7,195.0,5186,30,Leon Goretzka,midfielder,-0.5131169840652934,172.86666666666667,90.0,2700.0,2.876666666666667,3.5,32.35,7.216666666666666,12.75,8.783333333333333,39.589999999999996,6.499999999999999,89.9,53.6,94.2,96.1,81.8,62.7,94.2,,82.6,96.1,30.0,2.753333333333333,95.0,-12.400000000000006," Fair Value (Good Performance, Fair Price)"
10517,6.9,358.0,418.5,58.0,195.0,231.3,311.3,56.5,2336,26,Christopher Trimmel,midfielder,-0.2520138588133392,89.84615384615384,90.0,2340.0,0.2653846153846154,13.76923076923077,16.096153846153847,2.230769230769231,7.5,8.896153846153846,11.973076923076924,2.1730769230769234,17.7,94.7,62.7,31.8,38.7,64.1,35.9,,56.2,56.2,0.5,112.4,1.6666666666666667,54.53333333333334, Standard
5616,138.9,487.0,661.5,152.0,320.0,261.8,1266.3,93.0,5997,33,Alejandro Grimaldo,midfielder,8.578906773977197,181.72727272727272,90.0,2970.0,4.209090909090909,14.757575757575756,20.045454545454543,4.6060606060606055,9.696969696969697,7.9333333333333345,38.37272727272727,2.8181818181818183,98.0,95.2,78.9,78.7,59.8,57.2,93.7,,81.4,94.2,45.0,1.808888888888889,95.0,-13.599999999999994," Fair Value (Good Performance, Fair Price)"
9604,96.2,105.0,206.5,62.5,200.0,193.8,383.1,39.5,2472,33,Lucas Höler,midfielder,6.6308105872622,74.9090909090909,90.0,2970.0,2.9151515151515155,3.1818181818181817,6.257575757575757,1.893939393939394,6.0606060606060606,5.872727272727273,11.60909090909091,1.196969696969697,91.3,49.3,15.3,23.9,28.2,32.5,33.0,,32.2,25.8,4.5,7.155555555555556,15.0,17.200000000000003, Standard
16789,75.8,180.0,465.0,145.5,226.0,152.6,567.2,47.5,3383,32,Lovro Majer,midfielder,8.43872327612165,105.71875,90.0,2880.0,2.36875,5.625,14.53125,4.546875,7.0625,4.76875,17.725,1.484375,83.7,78.0,53.1,78.0,35.4,24.9,62.2,,59.4,62.7,20.0,2.9699999999999998,66.66666666666666,-7.266666666666659, Standard
46957,18.400000000000002,42.0,171.0,61.0,158.5,105.8,232.3,39.0,1448,23,Adrian Beck,midfielder,4.642294159042927,62.95652173913044,90.0,2070.0,0.8000000000000002,1.826086956521739,7.434782608695651,2.652173913043478,6.891304347826087,4.6,10.1,1.6956521739130437,40.2,25.8,21.0,44.7,34.0,23.9,26.8,,28.3,20.6,,,,, Standard
22963,34.7,13.0,88.5,30.5,86.5,62.0,81.5,13.0,795,21,Nikola Dovedan,midfielder,6.235438144329897,37.857142857142854,90.0,1890.0,1.6523809523809525,0.6190476190476191,4.214285714285714,1.4523809523809523,4.1190476190476195,2.952380952380952,3.880952380952381,0.6190476190476191,72.2,5.3,7.7,12.4,13.9,10.0,2.4,,11.2,3.8,,,,, Standard
1344,3.5999999999999996,10.0,250.5,33.5,230.0,165.5,441.8,62.5,1988,21,Niklas Dorsch,midfielder,-6.783180428134557,94.66666666666667,90.0,1890.0,0.1714285714285714,0.47619047619047616,11.928571428571429,1.5952380952380951,10.952380952380953,7.880952380952381,21.038095238095238,2.976190476190476,13.4,3.3,44.0,16.7,68.9,55.0,70.8,,39.9,33.0,4.0,9.975,13.333333333333334,26.566666666666663, Standard
3989,0.0,3.0,889.5,142.5,3.0,105.0,347.9,184.0,3271,31,Finn Dahmen,defender,-37.86474908200734,105.51612903225806,90.0,2790.0,0.0,0.0967741935483871,28.693548387096776,4.596774193548387,0.0967741935483871,3.3870967741935485,11.22258064516129,5.935483870967742,,,59.8,,13.7,22.5,19.6,64.7,28.7,26.0,,,,, Standard
9915,46.8,165.0,206.5,47.5,188.0,182.5,153.3,3.0,1498,21,Maximilian Wittek,midfielder,4.013096862210095,71.33333333333333,90.0,1890.0,2.228571428571428,7.857142857142857,9.833333333333334,2.261904761904762,8.952380952380953,8.69047619047619,7.300000000000001,0.14285714285714285,83.2,88.0,32.0,34.0,54.0,62.2,14.8,,48.2,43.8,3.0,16.066666666666666,10.0,38.2, Standard
31448,10.9,33.0,141.0,24.0,97.0,93.5,217.4,22.5,1052,15,Leonidas Stergiou,midfielder,-4.011196172248804,70.13333333333334,90.0,1350.0,0.7266666666666667,2.2,9.4,1.6,6.466666666666666,6.233333333333333,14.493333333333332,1.5,37.8,35.4,30.6,17.5,31.1,38.3,45.4,,33.3,28.0,5.0,6.659999999999999,16.666666666666664,16.633333333333333, Standard
64021,175.4,196.0,346.0,198.0,115.5,109.4,268.9,39.0,2505,29,Omar Marmoush,forward,13.911106557377048,86.37931034482759,90.0,2610.0,6.048275862068965,6.758620689655173,11.931034482758621,6.827586206896552,3.9827586206896552,3.7724137931034485,9.272413793103446,1.3448275862068966,88.8,80.8,80.8,88.8,,,,,86.0,93.3,22.0,3.909090909090909,73.33333333333333,12.666666666666671, Standard
26476,21.3,13.0,287.5,34.0,513.5,472.3,431.7,132.5,2958,29,Lennard Maloney,midfielder,-8.54014472777395,102.0,90.0,2610.0,0.7344827586206898,0.4482758620689655,9.913793103448276,1.1724137931034482,17.706896551724135,16.286206896551725,14.886206896551723,4.568965517241379,38.7,2.9,33.5,6.7,96.1,97.6,47.3,,39.6,32.5,3.0,13.200000000000001,10.0,29.6, Standard
1012,17.6,23.0,176.5,18.5,222.5,188.5,276.9,42.5,1676,21,Janik Haberer,midfielder,-0.17392097264437706,79.80952380952381,90.0,1890.0,0.8380952380952382,1.0952380952380953,8.404761904761905,0.880952380952381,10.595238095238095,8.976190476190476,13.185714285714285,2.0238095238095237,41.6,10.5,25.3,4.3,67.0,65.5,41.6,,31.8,25.1,3.5,9.085714285714285,11.666666666666666,20.133333333333333, Standard
16761,80.9,165.0,268.0,79.0,203.5,178.0,471.1,35.5,2557,29,Jae-sung Lee,midfielder,7.536047904191617,88.17241379310344,90.0,2610.0,2.7896551724137932,5.689655172413794,9.241379310344827,2.7241379310344827,7.017241379310345,6.137931034482759,16.244827586206895,1.2241379310344827,89.4,78.9,29.7,47.3,34.9,36.3,55.5,,49.3,45.9,3.0,16.433333333333334,10.0,39.3, Standard
1297,33.9,268.0,790.0,169.0,475.5,405.7,1074.6,110.5,5186,31,Maximilian Mittelstädt,midfielder,-0.2125510005828638,167.29032258064515,90.0,2790.0,1.0935483870967742,8.64516129032258,25.483870967741936,5.451612903225807,15.338709677419356,13.087096774193547,34.66451612903226,3.5645161290322585,52.6,90.9,88.5,88.5,92.8,91.3,89.9,,88.2,98.5,17.0,5.188235294117647,56.666666666666664,31.53333333333334," Great Value (High Performance, Reasonable Price)"
21558,74.5,173.0,531.0,68.0,390.5,339.6,511.9,79.5,3328,30,Robin Gosens,midfielder,0.8142200429053018,110.93333333333334,90.0,2700.0,2.4833333333333334,5.766666666666667,17.7,2.2666666666666666,13.016666666666667,11.320000000000002,17.063333333333333,2.65,86.1,79.9,70.8,34.4,84.7,84.7,59.3,,70.8,80.1,12.0,5.8999999999999995,40.0,30.799999999999997, Standard
32706,4.6,13.0,167.0,30.0,232.5,188.8,393.4,55.5,1880,24,Aster Vranckx,midfielder,-3.985923118570655,78.33333333333333,90.0,2160.0,0.19166666666666665,0.5416666666666666,6.958333333333333,1.25,9.6875,7.866666666666666,16.391666666666666,2.3125,14.3,4.3,19.1,8.1,59.3,54.5,56.4,,28.2,20.1,,,,, Standard
10460,66.6,88.0,362.0,85.0,122.0,91.1,364.8,68.5,1760,23,Florian Neuhaus,midfielder,2.9038062283737025,76.52173913043478,90.0,2070.0,2.8956521739130436,3.8260869565217392,15.73913043478261,3.6956521739130435,5.304347826086956,3.960869565217391,15.860869565217392,2.9782608695652173,90.4,58.8,61.2,64.6,22.0,21.0,53.1,,53.4,50.7,7.0,7.628571428571428,23.333333333333332,30.066666666666666, Standard
41429,35.0,52.0,130.0,58.0,70.0,56.3,224.2,21.0,1093,26,Woo-yeong Jeong,midfielder,8.893154486586495,42.03846153846154,90.0,2340.0,1.3461538461538463,2.0,5.0,2.230769230769231,2.6923076923076925,2.1653846153846152,8.623076923076923,0.8076923076923076,62.2,31.1,10.5,31.8,4.3,4.1,22.0,,19.8,11.0,,,,, Standard
1265,75.7,63.0,37.5,28.0,43.5,63.5,94.0,0.0,884,19,Davie Selke,midfielder,9.369101796407186,46.526315789473685,90.0,1710.0,3.984210526315789,3.31578947368421,1.9736842105263157,1.473684210526316,2.289473684210526,3.342105263157895,4.947368421052632,0.0,97.1,51.2,1.0,13.9,1.4,13.4,3.8,,18.2,9.6,,,,, Standard
94862,12.3,105.0,190.5,70.0,82.0,90.7,188.0,26.5,1278,24,Noah Weißhaupt,midfielder,5.768750000000001,53.25,90.0,2160.0,0.5125000000000001,4.375,7.937500000000001,2.9166666666666665,3.4166666666666665,3.7791666666666672,7.833333333333333,1.1041666666666667,30.6,66.5,23.0,52.1,9.1,19.6,16.7,,31.8,25.1,4.0,7.95,13.333333333333334,18.46666666666667, Standard
48270,28.2,16.0,364.0,117.0,255.0,147.6,467.5,47.0,2455,22,Manu Koné,midfielder,1.512184003315375,111.5909090909091,90.0,1980.0,1.2818181818181817,0.7272727272727273,16.545454545454543,5.318181818181818,11.59090909090909,6.709090909090909,21.25,2.1363636363636362,60.3,5.7,65.0,86.1,73.7,43.0,71.3,,56.2,56.2,20.0,2.81,66.66666666666666,-10.466666666666654, Standard
9536,23.8,36.0,53.0,28.0,26.0,28.4,73.2,10.0,585,13,Aymen Barkok,forward,11.088752196836555,45.0,90.0,1170.0,1.830769230769231,2.769230769230769,4.076923076923077,2.153846153846154,2.0,2.1846153846153844,5.630769230769231,0.7692307692307693,34.1,27.3,21.6,22.8,,,,,29.2,21.6,,,,, Standard
45038,48.5,20.0,593.5,64.0,692.0,816.4,762.8,113.0,4560,33,Sepp van den Berg,defender,-16.10746961325967,138.1818181818182,90.0,2970.0,1.4696969696969697,0.6060606060606061,17.984848484848484,1.9393939393939394,20.969696969696972,24.739393939393942,23.115151515151513,3.424242424242424,,,21.6,,97.0,98.0,63.7,28.4,75.5,83.3,12.0,6.291666666666667,40.0,35.5," Great Value (High Performance, Reasonable Price)"
106529,5.5,40.0,31.5,13.5,8.0,6.4,24.6,-3.0,217,7,Justin Diehl,forward,16.32206572769953,31.0,79.71428571428571,558.0,0.8870967741935484,6.451612903225806,5.080645161290322,2.1774193548387095,1.2903225806451613,1.032258064516129,3.9677419354838714,-0.4838709677419355,10.2,77.4,33.0,23.9,,,,,34.2,26.2,2.5,13.680000000000001,8.333333333333332,25.86666666666667, Standard
824,92.8,487.0,492.5,140.0,154.5,147.1,764.2,139.5,3786,32,Julian Brandt,midfielder,8.791762196747534,118.3125,90.0,2880.0,2.9,15.21875,15.390625,4.375,4.828125,4.596875,23.88125,4.359375,90.9,95.7,58.8,76.5,19.6,23.4,78.9,,64.9,69.8,40.0,1.6225,95.0,-30.099999999999994,"  Overpriced (Expensive, Low Performance)"
1088,10.1,72.0,83.0,32.5,29.0,17.7,74.4,15.0,543,11,Mark Uth,forward,12.03358348968105,49.36363636363637,90.0,990.0,0.9181818181818182,6.545454545454545,7.545454545454545,2.954545454545455,2.6363636363636367,1.6090909090909091,6.763636363636365,1.3636363636363638,11.4,78.5,59.2,47.8,,,,,41.2,37.6,1.0,41.2,3.3333333333333335,37.86666666666667, Standard
26903,18.8,26.0,203.5,60.5,174.0,115.1,321.4,49.0,1575,20,Felix Nmecha,midfielder,1.7125883108542068,78.75,90.0,1800.0,0.9400000000000001,1.3,10.175,3.025,8.7,5.755,16.07,2.4499999999999997,46.4,17.2,35.4,53.6,49.7,31.6,54.0,,38.9,31.1,20.0,1.9449999999999998,66.66666666666666,-27.76666666666666, Standard
51567,7.8,45.0,84.5,30.5,41.0,32.6,129.1,11.0,632,11,Giovanni Reyna,midfielder,8.23296178343949,57.45454545454545,90.0,990.0,0.7090909090909091,4.090909090909091,7.681818181818182,2.772727272727273,3.7272727272727275,2.963636363636364,11.736363636363636,1.0,36.8,62.2,22.5,48.3,11.5,10.5,34.4,,33.3,28.0,18.0,1.8499999999999999,60.0,-26.700000000000003, Standard
5095,7.8,198.0,338.5,58.5,181.0,155.3,263.3,29.5,1893,17,Leart Paçarada,midfielder,-2.997874601487779,111.3529411764706,90.0,1530.0,0.45882352941176474,11.647058823529413,19.91176470588235,3.4411764705882355,10.647058823529411,9.135294117647058,15.488235294117649,1.7352941176470589,27.3,94.2,78.0,62.2,67.9,67.4,50.2,,70.9,80.8,2.0,35.45,6.666666666666667,64.23333333333333, Standard
23329,87.0,86.0,176.5,65.5,92.0,92.6,245.6,40.0,1881,31,Kevin Behrens,forward,13.147258771929824,60.67741935483871,90.0,2790.0,2.8064516129032255,2.774193548387097,5.693548387096775,2.1129032258064515,2.967741935483871,2.9870967741935486,7.92258064516129,1.2903225806451613,54.6,28.4,38.7,18.2,,,,,38.7,33.0,2.0,19.35,6.666666666666667,32.03333333333334, Standard
63688,62.0,53.0,228.0,110.5,107.5,94.2,119.9,11.0,1389,26,Faride Alidou,midfielder,9.74034175334324,53.42307692307692,90.0,2340.0,2.3846153846153846,2.0384615384615383,8.76923076923077,4.25,4.134615384615385,3.6230769230769235,4.611538461538462,0.4230769230769231,84.2,32.0,28.2,74.8,14.8,17.7,2.9,,30.1,22.0,,,,, Standard
732,55.7,98.0,142.5,26.5,89.0,98.7,168.5,34.0,1456,26,Kevin Volland,forward,10.449786628733998,56.0,90.0,2340.0,2.1423076923076922,3.769230769230769,5.480769230769231,1.0192307692307692,3.423076923076923,3.7961538461538464,6.48076923076923,1.3076923076923077,41.0,51.2,37.6,4.6,,,,,36.6,28.4,3.0,12.200000000000001,10.0,26.6, Standard
27161,120.4,294.0,531.0,265.0,194.0,144.2,619.8,57.0,3511,31,Jeremie Frimpong,forward,14.907683386488836,113.25806451612904,90.0,2790.0,3.883870967741936,9.483870967741936,17.129032258064516,8.548387096774192,6.258064516129032,4.651612903225805,19.993548387096773,1.838709677419355,74.0,85.3,91.0,92.2,,,,,81.9,88.8,50.0,1.6380000000000001,95.0,-13.099999999999994," Fair Value (Good Performance, Fair Price)"
9867,107.2,96.0,260.5,150.0,93.5,98.0,164.1,10.0,1685,29,Takuma Asano,forward,15.359076923076923,58.10344827586207,90.0,2610.0,3.6965517241379313,3.310344827586207,8.982758620689657,5.172413793103448,3.2241379310344827,3.3793103448275863,5.658620689655172,0.3448275862068965,71.7,41.0,69.4,79.7,,,,,64.0,68.3,4.0,16.0,13.333333333333334,50.666666666666664, Standard
9395,2.6,177.0,579.0,164.0,370.5,324.2,324.4,47.5,3018,25,Kevin Mbabu,midfielder,2.326002020882452,120.72,90.0,2250.0,0.104,7.08,23.160000000000004,6.5600000000000005,14.819999999999999,12.967999999999998,12.975999999999999,1.9000000000000001,7.7,85.6,84.2,93.3,90.9,90.9,40.2,,76.3,88.0,3.5,21.8,11.666666666666666,64.63333333333333," Great Value (High Performance, Reasonable Price)"
51629,82.0,113.0,291.5,141.0,110.0,110.6,374.4,31.0,2250,34,Jamie Leweling,forward,12.856863636363636,66.17647058823529,90.0,3060.0,2.411764705882353,3.323529411764706,8.573529411764705,4.147058823529412,3.2352941176470584,3.2529411764705882,11.011764705882353,0.911764705882353,51.2,43.2,66.0,63.7,,,,,52.0,56.9,7.0,7.428571428571429,23.333333333333332,28.666666666666668, Standard
715,90.9,173.0,264.5,96.5,148.5,113.2,448.7,36.0,2115,26,Marco Reus,midfielder,7.222861285645239,81.34615384615384,90.0,2340.0,3.4961538461538466,6.653846153846154,10.173076923076923,3.7115384615384617,5.711538461538462,4.353846153846154,17.25769230769231,1.3846153846153846,95.2,83.7,34.9,65.5,25.8,23.0,60.3,,52.6,49.7,5.0,10.52,16.666666666666664,35.93333333333334, Standard
33537,72.4,205.0,315.5,130.0,177.5,119.9,310.7,22.5,2369,31,Rubén Vargas,forward,13.233347826086957,76.41935483870968,90.0,2790.0,2.3354838709677423,6.612903225806452,10.17741935483871,4.193548387096774,5.725806451612904,3.8677419354838714,10.02258064516129,0.7258064516129032,48.9,79.7,77.4,64.9,,,,,62.8,66.0,7.5,8.373333333333333,25.0,37.8, Standard
49763,40.5,69.0,760.5,113.0,413.0,447.8,897.2,106.5,4797,32,Mohamed Simakan,midfielder,-8.642793931731985,149.90625,90.0,2880.0,1.265625,2.15625,23.765624999999996,3.53125,12.90625,13.993749999999999,28.0375,3.328125,59.8,34.4,85.6,63.6,82.7,92.3,83.7,,71.5,82.3,35.0,2.0428571428571427,95.0,-23.5," Fair Value (Good Performance, Fair Price)"
31467,3.5,59.0,151.0,38.0,72.5,82.7,187.2,25.5,1016,22,Finn Becker,midfielder,0.325944333996024,46.18181818181818,90.0,1980.0,0.1590909090909091,2.681818181818182,6.863636363636364,1.727272727272727,3.2954545454545454,3.759090909090909,8.50909090909091,1.1590909090909092,12.9,43.5,17.7,19.1,7.7,19.1,20.6,,21.8,14.3,,,,, Standard
106696,0.0,0.0,40.0,6.0,27.0,27.5,47.5,6.0,247,7,Fabio Chiarodia,defender,-21.77591836734694,35.285714285714285,90.0,630.0,0.0,0.0,5.7142857142857135,0.8571428571428572,3.857142857142857,3.9285714285714284,6.785714285714286,0.8571428571428572,,,2.0,,24.5,23.5,3.9,2.9,16.6,4.9,,,,, Standard
40468,7.5,26.0,18.0,6.0,8.5,12.1,40.7,0.0,250,7,Borja Iglesias,forward,21.93089430894309,35.714285714285715,90.0,630.0,1.0714285714285714,3.7142857142857144,2.571428571428571,0.8571428571428572,1.2142857142857144,1.7285714285714286,5.814285714285715,0.0,17.1,49.5,3.4,3.4,,,,,23.4,13.7,,,,, Standard
8112,16.7,81.0,418.0,96.5,258.5,255.1,580.7,64.0,3122,30,Aurélio Buta,midfielder,0.4151151475835225,104.06666666666666,90.0,2700.0,0.5566666666666666,2.6999999999999997,13.933333333333334,3.216666666666667,8.616666666666667,8.503333333333334,19.35666666666667,2.1333333333333333,33.0,44.0,50.7,57.9,48.3,59.8,66.0,,51.6,48.3,5.0,10.32,16.666666666666664,34.93333333333334, Standard
50321,13.200000000000001,0.0,1389.5,166.0,435.0,542.4,1237.5,229.5,5880,25,Min-jae Kim,defender,-15.262956640491634,235.2,90.0,2250.0,0.528,0.0,55.58,6.64,17.4,21.695999999999998,49.50000000000001,9.18,,,99.0,,88.2,87.2,99.0,82.3,90.8,98.0,45.0,2.017777777777778,95.0,-4.200000000000003," Fair Value (Good Performance, Fair Price)"
1025,3.1999999999999997,26.0,275.5,43.0,214.0,166.8,505.6,75.5,2250,23,Salih Özcan,midfielder,-3.5898335582546106,97.82608695652173,90.0,2070.0,0.1391304347826087,1.1304347826086956,11.978260869565217,1.8695652173913044,9.304347826086957,7.252173913043479,21.982608695652175,3.282608695652174,10.0,12.0,45.0,23.0,56.4,49.3,74.1,,40.7,33.5,10.0,4.07,33.33333333333333,7.366666666666674, Standard
183,31.0,32.0,610.5,62.5,517.5,390.5,948.8,219.5,4246,31,Julian Weigl,midfielder,-6.666413120988828,136.96774193548387,90.0,2790.0,1.0,1.032258064516129,19.693548387096772,2.0161290322580645,16.693548387096776,12.596774193548388,30.606451612903225,7.080645161290322,49.7,9.6,77.5,26.8,95.2,88.5,86.1,,62.0,67.4,6.0,10.333333333333334,20.0,42.0, Standard
10331,52.8,62.0,351.0,95.5,295.5,216.2,597.5,65.5,3018,28,Grischa Prömel,midfielder,2.1614088304684866,107.78571428571429,90.0,2520.0,1.8857142857142857,2.2142857142857144,12.535714285714286,3.4107142857142856,10.553571428571429,7.721428571428571,21.33928571428571,2.3392857142857144,77.0,35.9,46.4,60.3,66.5,52.1,72.2,,54.4,52.6,8.0,6.8,26.666666666666668,27.73333333333333, Standard
476,59.6,16.0,1099.0,167.5,384.5,580.1,1463.9,120.5,6433,31,Jonathan Tah,midfielder,-9.564716006884682,207.51612903225808,90.0,2790.0,1.9225806451612903,0.5161290322580645,35.45161290322581,5.403225806451613,12.403225806451614,18.712903225806453,47.222580645161294,3.8870967741935485,78.0,3.8,95.2,88.0,80.8,98.5,96.6,,73.6,85.1,30.0,2.453333333333333,95.0,-21.400000000000006," Fair Value (Good Performance, Fair Price)"
42376,31.0,95.0,265.0,101.5,147.0,73.9,274.5,16.0,1736,30,Brenden Aaronson,midfielder,7.586788021139165,57.86666666666667,90.0,2700.0,1.0333333333333332,3.166666666666667,8.833333333333334,3.3833333333333333,4.8999999999999995,2.4633333333333334,9.15,0.5333333333333333,50.7,48.8,28.7,58.8,20.1,5.3,23.4,,33.6,29.2,10.0,3.3600000000000003,33.33333333333333,0.2666666666666728, Standard
9352,53.699999999999996,62.0,65.5,26.0,56.5,52.4,70.0,12.5,819,18,Gonçalo Paciência,forward,11.033875,45.5,90.0,1620.0,2.9833333333333334,3.4444444444444446,3.638888888888889,1.4444444444444446,3.138888888888889,2.911111111111111,3.888888888888889,0.6944444444444444,58.0,44.4,17.1,11.4,,,,,42.6,41.0,2.0,21.3,6.666666666666667,35.93333333333334, Standard
13276,9.5,20.0,308.0,20.5,189.5,326.9,425.0,59.0,2567,20,Sebastiaan Bornauw,defender,-17.31704814522494,128.35,90.0,1800.0,0.47500000000000003,1.0,15.399999999999999,1.0250000000000001,9.475,16.345,21.25,2.95,,,13.7,,36.3,61.8,58.8,19.6,40.8,42.1,4.0,10.2,13.333333333333334,27.46666666666666, Standard
1090,4.6,10.0,135.0,9.5,145.0,160.0,168.4,31.5,1162,10,Stefan Bell,defender,-18.56826923076923,116.2,90.0,900.0,0.45999999999999996,1.0,13.5,0.9500000000000001,14.500000000000002,16.0,16.84,3.1500000000000004,,,8.8,,68.6,57.8,40.2,25.5,48.4,53.9,0.6,80.66666666666667,2.0,46.4, Standard
32214,33.4,23.0,1790.5,252.5,645.5,646.8,1558.6,462.0,7816,33,Nico Schlotterbeck,defender,-14.424069797279959,236.84848484848484,90.0,2970.0,1.012121212121212,0.696969696969697,54.25757575757576,7.651515151515151,19.56060606060606,19.599999999999998,47.230303030303034,14.0,,,98.0,,94.1,77.4,96.1,98.0,90.3,96.5,40.0,2.2575,95.0,-4.700000000000003," Fair Value (Good Performance, Fair Price)"
23350,15.5,33.0,727.0,132.5,232.5,312.0,479.8,145.5,2864,15,Philipp Lienhart,defender,-16.85256140350877,190.93333333333334,90.0,1350.0,1.0333333333333332,2.2,48.46666666666667,8.833333333333334,15.5,20.8,31.986666666666665,9.7,,,96.1,,76.9,82.3,83.3,85.3,83.4,90.7,15.0,5.5600000000000005,50.0,33.400000000000006," Great Value (High Performance, Reasonable Price)"
7910,29.8,29.0,781.0,90.0,208.0,237.5,700.2,170.0,3533,22,Matthijs de Ligt,defender,-11.295389869095048,160.5909090909091,90.0,1980.0,1.3545454545454545,1.3181818181818183,35.5,4.090909090909091,9.454545454545455,10.795454545454545,31.827272727272728,7.727272727272727,,,80.4,,35.3,33.3,82.3,76.5,50.5,56.4,65.0,0.7769230769230769,95.0,-44.5,"  Overpriced (Expensive, Low Performance)"
45033,10.3,0.0,283.0,27.5,164.0,161.8,264.0,45.0,1527,14,Maximilian Bauer,defender,-16.51152317880795,109.07142857142857,90.0,1260.0,0.7357142857142858,0.0,20.214285714285715,1.9642857142857142,11.714285714285715,11.557142857142859,18.857142857142858,3.214285714285714,,,27.4,,48.0,35.3,51.0,27.4,39.3,38.2,2.0,19.65,6.666666666666667,32.63333333333333, Standard
9770,185.4,322.0,241.5,73.0,90.5,132.6,293.2,55.0,2619,33,Marvin Ducksch,forward,13.01993769470405,79.36363636363636,90.0,2970.0,5.618181818181818,9.757575757575758,7.3181818181818175,2.212121212121212,2.7424242424242427,4.018181818181818,8.884848484848485,1.6666666666666665,87.6,86.5,55.8,26.2,,,,,73.4,79.1,9.0,8.155555555555557,30.0,43.400000000000006, Standard
52151,3.5999999999999996,16.0,1483.0,271.5,297.5,414.3,1313.4,194.5,5778,27,Edmond Tapsoba,midfielder,-8.419509650495566,214.0,90.0,2430.0,0.13333333333333333,0.5925925925925926,54.925925925925924,10.055555555555555,11.018518518518519,15.344444444444445,48.644444444444446,7.203703703703703,8.6,4.8,99.0,99.0,69.3,96.1,97.1,,70.8,80.1,45.0,1.5733333333333333,95.0,-24.200000000000003," Fair Value (Good Performance, Fair Price)"
2030,17.4,66.0,273.5,68.0,274.5,220.9,297.2,42.5,1876,23,Lucas Tousart,midfielder,-2.77348938486663,81.56521739130434,90.0,2070.0,0.7565217391304346,2.869565217391304,11.891304347826086,2.956521739130435,11.934782608695652,9.604347826086958,12.921739130434784,1.8478260869565217,39.2,45.9,43.5,53.1,77.0,70.3,39.2,,50.4,46.9,4.5,11.2,15.0,35.4, Standard
2735,322.2,170.0,258.5,192.5,117.5,115.8,224.1,24.5,2298,34,Loïs Openda,forward,17.63112128146453,67.58823529411765,90.0,3060.0,9.476470588235294,5.0,7.602941176470589,5.661764705882353,3.4558823529411766,3.4058823529411764,6.591176470588235,0.7205882352941175,96.7,67.1,60.3,83.1,,,,,83.3,91.0,60.0,1.3883333333333332,95.0,-11.700000000000003," Fair Value (Good Performance, Fair Price)"
31568,0.3,9.0,28.0,11.0,22.0,13.9,55.1,1.5,252,10,Jens Petter Hauge,midfielder,8.4848,25.2,64.8,648.0,0.041666666666666664,1.25,3.888888888888889,1.5277777777777777,3.0555555555555554,1.9305555555555556,7.652777777777778,0.20833333333333331,2.4,14.6,5.7,14.3,6.7,1.4,15.8,,9.6,2.4,,,,, Standard
105937,38.699999999999996,71.0,231.0,134.5,69.5,61.1,221.8,19.0,1609,25,Jamie Gittens,forward,11.907016434892542,64.36,90.0,2250.0,1.5479999999999996,2.8400000000000003,9.24,5.38,2.7800000000000002,2.4440000000000004,8.872,0.7599999999999999,27.3,30.7,74.0,81.9,,,,,41.6,39.3,28.0,1.4857142857142858,93.33333333333333,-51.73333333333333, Standard
6201,0.8999999999999999,10.0,153.0,20.0,121.0,166.3,136.1,29.5,1018,7,Amos Pieper,defender,-14.636795252225518,145.42857142857142,90.0,630.0,0.12857142857142856,1.4285714285714284,21.857142857142858,2.8571428571428568,17.28571428571429,23.757142857142856,19.442857142857143,4.214285714285714,,,37.2,,87.2,95.1,53.9,37.2,73.7,80.4,3.5,21.057142857142857,11.666666666666666,62.03333333333334, Standard
8137,4.1000000000000005,23.0,23.0,4.5,5.0,14.1,24.4,3.5,248,8,Mergim Berisha,forward,11.493697478991596,31.0,79.71428571428571,637.7142857142857,0.5786290322580646,3.245967741935484,3.245967741935484,0.6350806451612904,0.7056451612903227,1.9899193548387097,3.443548387096774,0.49395161290322587,5.7,37.6,11.4,2.3,,,,,14.9,5.7,,,,, Standard
1346,12.9,16.0,586.5,76.0,224.0,335.8,661.9,108.5,3341,24,Lukas Klostermann,defender,-10.983678990081152,139.20833333333334,90.0,2160.0,0.5375,0.6666666666666667,24.437499999999996,3.166666666666667,9.333333333333334,13.991666666666667,27.57916666666667,4.520833333333333,,,48.0,,34.3,49.0,76.5,43.1,46.1,51.0,8.0,5.7625,26.666666666666668,19.433333333333334, Standard
754,0.0,0.0,645.0,75.0,3.0,62.5,292.3,72.5,2611,32,Kevin Trapp,defender,-42.143163538874,81.59375,90.0,2880.0,0.0,0.0,20.15625,2.34375,0.09375,1.953125,9.134375,2.265625,,,26.5,,12.7,8.8,11.8,10.8,14.1,2.0,,,,, Standard
115582,4.9,25.0,93.0,17.0,82.0,81.5,92.2,7.0,734,13,David Jurásek,midfielder,-3.249245541838134,56.46153846153846,90.0,1170.0,0.3769230769230769,1.9230769230769231,7.153846153846153,1.3076923076923077,6.3076923076923075,6.269230769230769,7.092307692307692,0.5384615384615385,24.4,29.7,19.6,10.0,30.6,38.7,13.4,,22.6,15.3,,,,, Standard
35172,119.8,350.0,764.5,339.0,134.5,131.9,873.9,63.0,4330,34,Chris Führich,forward,15.060872608492767,127.3529411764706,90.0,3060.0,3.523529411764706,10.294117647058822,22.485294117647058,9.970588235294118,3.9558823529411766,3.879411764705883,25.70294117647059,1.8529411764705883,67.1,88.8,95.6,96.7,,,,,81.0,86.5,28.0,2.892857142857143,93.33333333333333,-12.333333333333329," Fair Value (Good Performance, Fair Price)"
622,8.6,45.0,815.0,164.5,303.0,373.7,655.7,71.5,3698,23,Matthias Ginter,defender,-13.292915309446254,160.7826086956522,90.0,2070.0,0.3739130434782609,1.9565217391304348,35.434782608695656,7.1521739130434785,13.173913043478262,16.247826086956522,28.508695652173916,3.108695652173913,,,79.4,,58.8,60.8,78.4,23.5,63.7,64.7,10.0,6.37,33.33333333333333,30.366666666666674, Standard
13752,14.5,89.0,472.5,133.0,311.0,250.4,423.5,87.5,2566,27,Mads Pedersen,midfielder,-0.2994847403884266,95.03703703703704,90.0,2430.0,0.5370370370370371,3.2962962962962963,17.5,4.9259259259259265,11.518518518518519,9.274074074074074,15.685185185185183,3.240740740740741,31.6,50.7,70.1,83.2,73.2,68.9,52.1,,63.3,67.9,3.0,21.099999999999998,10.0,53.3, Standard
109888,81.1,93.0,127.5,79.5,34.5,53.2,105.8,9.5,981,24,Justin Njinmah,forward,13.631617647058823,40.875,90.0,2160.0,3.3791666666666664,3.875,5.3125,3.3125,1.4375,2.216666666666667,4.408333333333333,0.39583333333333337,66.0,54.6,35.3,54.6,,,,,58.8,62.6,9.0,6.533333333333333,30.0,28.799999999999997, Standard
1110,1.5,93.0,265.0,47.0,136.5,138.2,166.5,35.5,1281,18,Danny da Costa,midfielder,0.3913385826771653,71.16666666666667,90.0,1620.0,0.08333333333333334,5.166666666666667,14.722222222222223,2.611111111111111,7.583333333333333,7.677777777777777,9.25,1.9722222222222223,6.7,75.1,55.5,42.6,40.2,51.7,23.9,,48.5,44.5,1.2,40.41666666666667,4.0,44.5, Standard
68268,0.8999999999999999,23.0,105.5,7.0,147.5,100.4,177.8,15.5,838,16,Tim Breithaupt,midfielder,-6.4074299634591965,52.375,90.0,1440.0,0.056249999999999994,1.4375,6.59375,0.4375,9.21875,6.275,11.1125,0.96875,4.8,19.1,16.7,1.0,55.5,39.2,29.7,,23.9,17.2,,,,, Standard
1049,20.6,69.0,798.0,143.5,291.5,378.8,674.9,234.0,3702,23,Milos Veljkovic,defender,-14.37486442516269,160.95652173913044,90.0,2070.0,0.8956521739130435,3.0,34.69565217391305,6.239130434782609,12.67391304347826,16.469565217391303,29.343478260869563,10.173913043478262,,,75.5,,55.9,62.7,80.4,87.2,65.9,67.6,5.0,13.180000000000001,16.666666666666664,49.23333333333334, Standard
957,35.3,49.0,274.0,45.0,219.0,231.8,424.6,34.5,2226,25,Yannick Gerhardt,midfielder,1.6470802919708032,89.04,90.0,2250.0,1.412,1.96,10.959999999999999,1.8,8.76,9.272,16.984,1.38,64.1,30.1,39.2,20.6,52.1,68.4,58.3,,43.0,36.8,4.0,10.75,13.333333333333334,29.666666666666664, Standard
1189,0.0,0.0,869.0,75.0,2.5,25.5,396.1,276.0,2842,27,Gregor Kobel,defender,-40.60475519549137,105.25925925925925,90.0,2430.0,0.0,0.0,32.18518518518518,2.7777777777777777,0.0925925925925926,0.9444444444444444,14.670370370370371,10.222222222222223,,,67.6,,11.8,2.0,31.4,89.2,25.9,15.7,,,,, Standard
1174,13.200000000000001,46.0,439.0,90.5,187.5,146.3,725.0,110.0,3003,24,Kevin Kampl,midfielder,0.5860738255033557,125.125,90.0,2160.0,0.55,1.9166666666666665,18.291666666666668,3.7708333333333335,7.8125,6.095833333333334,30.208333333333332,4.583333333333333,32.5,28.9,73.2,67.0,42.6,35.9,85.6,,57.1,57.4,3.5,16.314285714285713,11.666666666666666,45.43333333333334, Standard
10619,2.6,16.0,246.0,40.5,219.0,212.2,267.8,61.0,1651,16,Jannik Müller,defender,-13.305211526670753,103.1875,90.0,1440.0,0.1625,1.0,15.375,2.53125,13.687499999999998,13.2625,16.7375,3.8125,,,12.7,,63.7,44.1,39.2,30.4,43.5,46.1,0.8,54.375,2.666666666666667,40.833333333333336, Standard
1099,26.1,141.0,428.5,140.0,257.5,147.4,506.0,51.5,2757,29,Leonardo Bittencourt,midfielder,2.388646449704142,95.06896551724138,90.0,2610.0,0.9,4.862068965517241,14.775862068965516,4.827586206896552,8.879310344827585,5.082758620689655,17.448275862068964,1.7758620689655171,44.7,72.7,56.0,81.3,53.6,26.8,61.7,,60.3,65.3,2.0,30.15,6.666666666666667,53.63333333333333, Standard
22947,7.699999999999999,55.0,645.5,74.0,526.0,319.7,1375.3,98.0,5444,33,Atakan Karazor,midfielder,0.04951869677897055,164.96969696969697,90.0,2970.0,0.23333333333333334,1.6666666666666665,19.56060606060606,2.242424242424242,15.93939393939394,9.687878787878788,41.67575757575758,2.9696969696969697,17.2,23.7,76.5,33.0,94.2,70.8,95.7,,63.9,68.4,12.0,5.325,40.0,23.9, Standard
31977,32.3,118.0,460.0,199.0,120.5,113.2,347.3,24.0,2283,31,Linton Maina,forward,11.908747779751332,73.64516129032258,90.0,2790.0,1.0419354838709678,3.806451612903226,14.838709677419356,6.419354838709677,3.8870967741935485,3.6516129032258067,11.203225806451615,0.7741935483870968,15.9,52.3,87.6,85.3,,,,,44.3,43.8,3.0,14.766666666666666,10.0,34.3, Standard
1185,0.0,0.0,630.5,67.5,0.0,35.0,296.7,166.5,2482,27,Moritz Nicolas,defender,-42.567634018540915,91.92592592592592,90.0,2430.0,0.0,0.0,23.35185185185185,2.5,0.0,1.2962962962962963,10.988888888888889,6.166666666666667,,,42.1,,4.9,3.9,18.6,67.1,16.5,3.9,,,,, Standard
23127,31.5,86.0,121.5,47.0,58.0,52.8,99.1,23.0,1082,20,Marco Richter,forward,11.992481203007518,54.1,90.0,1800.0,1.5750000000000002,4.3,6.075,2.35,2.9,2.64,4.955,1.1500000000000001,28.4,59.2,44.4,34.1,,,,,39.6,35.3,4.0,9.9,13.333333333333334,26.266666666666666, Standard
817,26.6,109.0,203.0,64.5,202.5,189.3,235.9,33.5,1757,24,Matus Bero,midfielder,4.665492957746479,73.20833333333333,90.0,2160.0,1.1083333333333334,4.541666666666667,8.458333333333334,2.6875,8.4375,7.8875,9.829166666666667,1.3958333333333333,53.1,68.9,26.3,46.4,47.3,55.5,24.4,,42.5,35.9,3.0,14.166666666666666,10.0,32.5, Standard
27568,49.2,36.0,823.5,77.5,501.5,525.0,749.3,312.0,4373,28,Maxence Lacroix,defender,-16.309009216589864,156.17857142857142,90.0,2520.0,1.7571428571428573,1.2857142857142856,29.410714285714285,2.767857142857143,17.910714285714285,18.75,26.760714285714286,11.142857142857142,,,62.7,,89.2,74.5,72.5,93.1,78.0,86.3,20.0,3.9,66.66666666666666,11.333333333333343, Standard
46593,44.5,23.0,193.0,98.5,89.0,72.3,143.7,7.0,1232,21,Karim Adeyemi,forward,10.733666666666666,58.666666666666664,90.0,1890.0,2.119047619047619,1.0952380952380953,9.190476190476192,4.690476190476191,4.238095238095238,3.442857142857143,6.842857142857142,0.33333333333333337,39.8,8.0,71.7,72.8,,,,,38.5,31.9,28.0,1.375,93.33333333333333,-54.83333333333333, Standard
15580,7.8,29.0,33.0,22.5,17.0,21.7,39.1,2.0,413,9,Sebastian Polter,forward,13.626315789473683,45.888888888888886,90.0,810.0,0.8666666666666666,3.2222222222222223,3.666666666666667,2.5,1.8888888888888888,2.411111111111111,4.344444444444445,0.2222222222222222,9.1,36.4,18.2,38.7,,,,,23.7,15.4,,,,, Standard
63569,127.3,191.0,484.0,184.0,263.0,199.6,289.5,58.5,3010,33,Eren Dinkçi,midfielder,7.824126230064473,91.21212121212122,90.0,2970.0,3.8575757575757574,5.787878787878787,14.666666666666668,5.575757575757576,7.96969696969697,6.048484848484848,8.772727272727273,1.7727272727272725,96.1,80.3,55.0,89.0,45.0,34.9,22.5,,58.1,59.3,12.0,4.841666666666667,40.0,18.1, Standard
9630,3.2,10.0,74.0,16.0,43.0,37.5,116.9,13.5,492,10,Fabian Schnellhardt,midfielder,0.4569672131147542,49.2,90.0,900.0,0.32,1.0,7.4,1.6,4.3,3.75,11.69,1.3499999999999999,21.0,8.4,20.6,17.5,16.7,18.7,34.0,,19.2,10.5,,,,, Standard
38249,6.4,16.0,19.5,13.5,17.5,16.1,21.6,0.5,222,7,Fraser Hornby,forward,14.27953488372093,31.714285714285715,81.55102040816327,570.8571428571429,1.009009009009009,2.5225225225225225,3.0743243243243246,2.128378378378378,2.759009009009009,2.5382882882882885,3.4054054054054057,0.07882882882882883,13.7,20.5,6.8,19.3,,,,,16.5,6.8,,,,, Standard
6721,5.8999999999999995,102.0,404.5,62.5,257.5,290.0,365.5,104.5,2402,21,Edimilson Fernandes,defender,-11.194381551362683,114.38095238095238,90.0,1890.0,0.2809523809523809,4.857142857142858,19.261904761904763,2.976190476190476,12.261904761904763,13.809523809523808,17.404761904761905,4.976190476190476,,,22.5,,52.9,46.1,43.1,50.0,43.7,47.0,3.0,14.566666666666668,10.0,33.7, Standard
27058,16.8,34.0,248.5,47.5,345.0,259.7,323.8,36.0,2110,29,Tom Krauß,midfielder,-1.5744208494208494,72.75862068965517,90.0,2610.0,0.5793103448275863,1.1724137931034482,8.56896551724138,1.6379310344827587,11.896551724137932,8.955172413793102,11.16551724137931,1.2413793103448276,34.0,12.9,27.0,18.2,76.5,65.0,30.1,,33.4,28.7,6.0,5.566666666666666,20.0,13.399999999999999, Standard
30847,30.2,32.0,63.5,38.5,26.0,18.1,105.6,15.0,604,21,Adam Hlozek,forward,11.783361629881155,28.761904761904763,73.9591836734694,1553.1428571428573,1.7499999999999998,1.854304635761589,3.6796357615894038,2.230960264900662,1.5066225165562912,1.048841059602649,6.119205298013244,0.869205298013245,30.7,11.4,19.3,27.3,,,,,23.7,15.4,,,,, Standard
3153,60.4,241.0,649.5,221.0,258.0,238.7,704.1,90.5,4135,33,Romano Schmid,midfielder,5.769865030674847,125.3030303030303,90.0,2970.0,1.8303030303030303,7.303030303030303,19.68181818181818,6.696969696969697,7.818181818181818,7.233333333333333,21.336363636363636,2.7424242424242427,76.0,86.6,77.0,93.7,43.0,48.8,71.7,,73.2,84.7,10.0,7.32,33.33333333333333,39.866666666666674, Standard
21598,9.3,93.0,131.5,58.5,43.0,51.4,113.9,19.0,881,11,Sheraldo Becker,forward,17.001734104046243,80.0909090909091,90.0,990.0,0.8454545454545456,8.454545454545453,11.954545454545453,5.318181818181818,3.909090909090909,4.672727272727273,10.354545454545455,1.727272727272727,8.0,84.2,81.9,80.8,,,,,49.1,55.8,6.0,8.183333333333334,20.0,29.1, Standard
10218,30.5,10.0,1160.0,170.0,526.5,654.8,1213.4,188.5,6341,31,Robin Koch,defender,-16.540075973409305,204.5483870967742,90.0,2790.0,0.9838709677419355,0.3225806451612903,37.41935483870967,5.483870967741935,16.983870967741936,21.12258064516129,39.14193548387097,6.080645161290322,,,87.2,,85.3,85.3,90.2,65.7,85.2,92.1,18.0,4.733333333333333,60.0,25.200000000000003," Great Value (High Performance, Reasonable Price)"
47122,30.4,91.0,354.5,73.5,200.5,196.0,340.2,85.5,2163,28,Olivier Deman,midfielder,-4.385216572504708,77.25,90.0,2520.0,1.0857142857142856,3.2499999999999996,12.660714285714286,2.625,7.160714285714286,7.0,12.15,3.0535714285714284,52.1,49.7,47.3,43.5,35.9,45.0,36.3,,44.2,38.3,4.0,11.05,13.333333333333334,30.866666666666667, Standard
3772,11.8,0.0,542.5,84.5,499.5,566.7,569.8,178.0,3522,25,Marco Friedl,defender,-19.32985374247204,140.88,90.0,2250.0,0.47200000000000003,0.0,21.7,3.3800000000000003,19.98,22.668000000000003,22.791999999999998,7.119999999999999,,,36.3,,95.1,93.1,61.8,72.5,78.3,88.2,7.0,11.185714285714285,23.333333333333332,54.96666666666667," Great Value (High Performance, Reasonable Price)"
1376,0.0,10.0,739.5,109.5,7.5,89.3,161.4,185.0,2447,30,Robin Zentner,defender,-40.079435813573184,81.56666666666666,90.0,2700.0,0.0,0.33333333333333337,24.650000000000002,3.65,0.25,2.9766666666666666,5.38,6.166666666666667,,,50.0,,20.6,18.6,2.0,67.1,26.3,18.1,,,,, Standard
6371,108.4,536.0,443.5,163.0,271.5,174.5,243.1,85.5,2987,31,Niklas Beste,midfielder,9.66892771497088,96.35483870967742,90.0,2790.0,3.4967741935483874,17.29032258064516,14.306451612903226,5.258064516129032,8.758064516129032,5.629032258064516,7.841935483870968,2.758064516129032,95.7,97.1,52.1,85.6,51.7,31.1,17.2,,60.3,65.3,15.0,4.02,50.0,10.299999999999997, Standard
996,0.0,10.0,660.5,67.5,6.0,64.0,200.9,240.0,2225,25,Koen Casteels,defender,-40.97153776978417,89.0,90.0,2250.0,0.0,0.4,26.42,2.6999999999999997,0.24,2.56,8.036,9.600000000000001,,,52.9,,19.6,16.7,6.9,84.3,27.4,22.5,,,,, Standard
7369,36.1,136.0,353.5,72.5,290.5,197.5,402.3,35.5,2522,25,Mattias Svanberg,midfielder,2.003207470564352,100.88,90.0,2250.0,1.444,5.44,14.14,2.9,11.620000000000001,7.8999999999999995,16.092000000000002,1.4200000000000002,66.0,76.5,51.7,51.2,74.6,56.0,54.5,,61.4,66.5,12.0,5.116666666666666,40.0,21.4, Standard
216,68.3,255.0,289.0,109.0,118.5,66.4,416.1,47.0,2358,31,Thomas Müller,forward,16.052337662337663,76.06451612903226,90.0,2790.0,2.203225806451613,8.225806451612904,9.32258064516129,3.5161290322580645,3.8225806451612905,2.141935483870968,13.42258064516129,1.5161290322580645,45.5,83.1,75.1,58.0,,,,,60.8,63.7,8.0,7.6,26.666666666666668,34.133333333333326, Standard
1056,321.6,276.0,182.5,128.5,95.0,128.4,495.4,22.5,2846,28,Serhou Guirassy,forward,11.540461593941579,101.64285714285714,90.0,2520.0,11.485714285714288,9.857142857142858,6.517857142857143,4.589285714285714,3.392857142857143,4.585714285714286,17.692857142857143,0.8035714285714285,97.9,87.6,50.1,69.4,,,,,86.7,94.4,40.0,2.1675,95.0,-8.299999999999997," Fair Value (Good Performance, Fair Price)"
1135,13.0,13.0,572.5,69.5,356.0,445.5,565.9,67.5,3180,27,Manuel Gulde,defender,-15.541648177496038,117.77777777777777,90.0,2430.0,0.4814814814814815,0.4814814814814815,21.203703703703706,2.574074074074074,13.185185185185185,16.5,20.95925925925926,2.5,,,34.3,,59.8,63.7,57.8,13.7,53.4,58.8,1.0,53.4,3.3333333333333335,50.06666666666666, Standard
30670,25.799999999999997,29.0,509.0,112.5,187.5,148.4,664.5,139.5,3041,16,Ian Maatsen,midfielder,-1.6961168270826417,190.0625,90.0,1440.0,1.6124999999999998,1.8125000000000002,31.812500000000004,7.03125,11.71875,9.275,41.53125,8.71875,71.3,25.3,93.3,95.2,75.6,69.3,95.2,,75.2,87.0,40.0,1.8800000000000001,95.0,-19.799999999999997," Fair Value (Good Performance, Fair Price)"
1159,0.0,20.0,1007.5,112.5,0.0,45.5,379.4,392.0,2797,27,Michael Zetterer,defender,-42.43282087951377,103.5925925925926,90.0,2430.0,0.0,0.7407407407407408,37.31481481481481,4.166666666666666,0.0,1.6851851851851853,14.051851851851852,14.518518518518519,,,86.3,,4.9,5.9,30.4,99.0,28.7,26.0,,,,, Standard
104272,61.4,219.0,404.5,199.5,131.5,111.5,231.9,9.0,2484,28,Brajan Gruda,forward,13.903836633663367,88.71428571428571,90.0,2520.0,2.1928571428571426,7.821428571428571,14.446428571428573,7.125,4.696428571428571,3.982142857142857,8.282142857142857,0.3214285714285714,44.4,81.9,86.5,89.9,,,,,66.9,71.7,20.0,3.345,66.66666666666666,0.2333333333333485, Standard
10244,3.5,70.0,330.5,50.0,221.0,203.4,279.8,138.5,1661,25,Norman Theuerkauf,midfielder,-6.705128205128205,66.44,90.0,2250.0,0.13999999999999999,2.8,13.22,2.0,8.84,8.136000000000001,11.192,5.54,10.5,44.5,47.8,25.8,53.1,58.3,30.6,,41.8,35.2,0.2,208.99999999999997,0.6666666666666667,41.13333333333333, Standard
53127,40.2,118.0,260.5,66.0,180.0,125.4,246.7,51.0,1765,32,Arne Engels,midfielder,4.309286128845038,55.15625,90.0,2880.0,1.25625,3.6875,8.140625,2.0625,5.625,3.9187499999999997,7.709375,1.59375,59.3,56.9,24.4,27.3,24.4,20.6,16.3,,31.5,23.9,7.5,4.2,25.0,6.5, Standard
6183,12.600000000000001,66.0,309.5,58.5,131.5,130.6,292.4,43.5,1535,13,Rogério,midfielder,-1.548327868852459,118.07692307692308,90.0,1170.0,0.9692307692307693,5.076923076923077,23.807692307692307,4.5,10.115384615384615,10.046153846153846,22.49230769230769,3.3461538461538463,46.9,74.1,86.1,77.5,63.6,73.2,75.6,,75.3,87.5,5.0,15.059999999999999,16.666666666666664,58.63333333333333," Great Value (High Performance, Reasonable Price)"
106970,14.4,49.0,533.5,73.5,310.0,384.0,424.6,115.5,3027,26,Matej Maglica,defender,-15.189450770261217,116.42307692307692,90.0,2340.0,0.5538461538461539,1.8846153846153846,20.51923076923077,2.8269230769230766,11.923076923076923,14.76923076923077,16.33076923076923,4.4423076923076925,,,30.4,,50.0,52.9,38.2,41.2,45.3,49.0,2.5,18.119999999999997,8.333333333333332,36.96666666666667, Standard
6469,5.0,36.0,316.5,35.5,445.0,327.8,544.0,116.0,2709,32,Senne Lynen,midfielder,-5.574606151537885,84.65625,90.0,2880.0,0.15625,1.125,9.890625,1.109375,13.90625,10.24375,17.0,3.6250000000000004,12.4,11.5,33.0,5.7,86.6,75.1,58.8,,39.0,31.8,3.5,11.142857142857142,11.666666666666666,27.333333333333336, Standard
29304,26.8,36.0,121.0,56.0,95.0,63.0,138.9,14.0,1138,23,Mathias Honsak,midfielder,6.340377697841727,49.47826086956522,90.0,2070.0,1.165217391304348,1.565217391304348,5.260869565217392,2.4347826086956523,4.130434782608696,2.739130434782609,6.039130434782609,0.6086956521739131,56.4,21.5,11.5,38.0,14.3,6.2,8.6,,18.1,9.1,,,,, Standard
9702,0.0,20.0,1068.0,114.0,5.5,80.5,306.8,265.0,3388,31,Marcel Schuhen,defender,-39.86065525383707,109.29032258064517,90.0,2790.0,0.0,0.6451612903225806,34.45161290322581,3.67741935483871,0.1774193548387097,2.596774193548387,9.896774193548387,8.548387096774192,,,74.5,,18.6,17.6,15.7,81.4,32.3,30.4,1.2,26.916666666666664,4.0,28.299999999999997, Standard
21331,5.2,26.0,44.0,13.5,15.0,23.7,58.8,6.0,394,14,Sébastien Haller,midfielder,8.989417989417989,28.142857142857142,72.36734693877551,1013.1428571428571,0.46192893401015234,2.3096446700507616,3.9086294416243654,1.1992385786802031,1.33248730964467,2.1053299492385786,5.223350253807106,0.5329949238578681,27.7,38.3,6.2,7.2,0.5,1.9,4.8,,12.5,4.3,,,,, Standard
460,40.1,180.0,422.5,80.0,283.0,177.7,775.9,80.5,3838,30,Mario Götze,midfielder,2.9557045215562567,127.93333333333334,90.0,2700.0,1.3366666666666667,6.0,14.083333333333332,2.666666666666667,9.433333333333334,5.923333333333333,25.863333333333333,2.683333333333333,61.2,81.1,51.2,45.4,56.9,33.5,81.8,,61.7,67.0,3.5,17.62857142857143,11.666666666666666,50.03333333333334, Standard
45045,40.0,115.0,75.0,40.5,51.5,79.3,223.9,22.0,1455,26,Ludovic Ajorque,midfielder,8.916914366595895,55.96153846153846,90.0,2340.0,1.5384615384615385,4.423076923076923,2.884615384615384,1.5576923076923077,1.9807692307692308,3.05,8.611538461538462,0.8461538461538461,67.9,67.0,4.3,15.8,1.0,11.5,21.5,,23.6,16.3,,,,, Standard
48597,12.4,98.0,585.5,88.0,284.5,278.7,665.6,98.0,3860,31,Joe Scally,midfielder,-8.446023468057366,124.51612903225806,90.0,2790.0,0.4,3.1612903225806455,18.887096774193548,2.838709677419355,9.17741935483871,8.990322580645161,21.470967741935485,3.1612903225806455,25.3,48.3,75.6,48.8,55.0,66.0,72.7,,60.9,66.0,12.0,5.075,40.0,20.9, Standard
13834,18.4,26.0,37.5,21.5,41.0,45.7,59.7,4.0,689,16,Aaron Seydel,midfielder,9.599405646359584,43.0625,90.0,1440.0,1.15,1.6249999999999998,2.34375,1.34375,2.5625,2.85625,3.73125,0.25,55.0,22.2,1.4,11.2,3.8,8.6,1.9,,10.0,3.3,,,,, Standard
3503,167.9,177.0,208.0,78.5,104.5,123.3,335.1,31.5,2407,34,Jonas Wind,forward,11.672579957356078,70.79411764705883,90.0,3060.0,4.938235294117647,5.205882352941177,6.117647058823529,2.3088235294117645,3.0735294117647056,3.6264705882352937,9.855882352941176,0.9264705882352942,80.8,69.4,45.5,33.0,,,,,66.1,70.6,18.0,3.672222222222222,60.0,6.099999999999994, Standard
49887,32.2,51.0,110.5,59.0,61.0,56.7,114.4,13.0,1159,26,Tiago Tomás,forward,11.577336860670195,44.57692307692308,90.0,2340.0,1.2384615384615385,1.9615384615384615,4.25,2.269230769230769,2.3461538461538463,2.180769230769231,4.4,0.5,19.3,12.5,25.0,31.9,,,,,20.1,9.1,,,,, Standard
47830,69.7,94.0,245.0,128.0,127.5,97.9,232.4,20.5,1738,32,Nathan Ngoumou,forward,10.57504414361389,54.3125,90.0,2880.0,2.178125,2.9375,7.65625,4.0,3.984375,3.0593749999999997,7.2625,0.640625,42.1,31.9,61.4,62.6,,,,,44.1,42.1,5.0,8.82,16.666666666666664,27.433333333333337, Standard
4669,29.1,200.0,394.5,96.5,278.0,261.6,527.2,88.0,3220,33,Ridle Baku,midfielder,3.4094369298521547,97.57575757575758,90.0,2970.0,0.8818181818181818,6.0606060606060606,11.954545454545453,2.9242424242424248,8.424242424242424,7.927272727272729,15.975757575757578,2.666666666666667,43.5,81.8,44.5,52.6,46.9,56.4,53.6,,55.0,53.1,7.0,7.857142857142857,23.333333333333332,31.666666666666668, Standard
104008,7.3,25.0,206.0,45.0,96.5,103.2,291.6,51.0,1330,20,Umut Tohumcu,midfielder,1.3992366412213741,66.5,90.0,1800.0,0.365,1.25,10.3,2.25,4.825,5.16,14.58,2.55,23.9,14.6,35.9,33.5,19.1,28.2,46.4,,29.5,21.5,,,,, Standard
27035,82.2,71.0,384.5,125.5,293.5,218.8,523.8,54.0,3157,31,Junior Dina Ebimbe,midfielder,4.6555627635420045,101.83870967741936,90.0,2790.0,2.6516129032258067,2.290322580645161,12.403225806451614,4.048387096774193,9.467741935483872,7.058064516129032,16.896774193548385,1.7419354838709677,88.5,36.8,45.9,71.7,57.4,46.9,57.9,,52.4,49.3,12.0,4.366666666666666,40.0,12.399999999999999, Standard
4366,15.0,30.0,36.5,15.0,15.5,22.8,41.2,6.5,407,22,Dawid Kownacki,forward,13.599744245524297,18.5,47.57142857142857,1046.5714285714284,1.2899262899262902,2.5798525798525804,3.1388206388206394,1.2899262899262902,1.332923832923833,1.960687960687961,3.5429975429975435,0.558968058968059,21.6,21.6,9.1,6.8,,,,,18.0,8.0,,,,, Standard
10518,111.9,198.0,151.5,82.0,185.0,137.9,215.5,33.0,2030,34,Phillip Tietz,forward,11.419059917355371,59.705882352941174,90.0,3060.0,3.291176470588235,5.8235294117647065,4.455882352941177,2.411764705882353,5.4411764705882355,4.055882352941177,6.338235294117647,0.9705882352941176,63.7,71.7,27.3,35.3,,,,,58.6,61.4,6.0,9.766666666666667,20.0,38.6, Standard
10528,4.4,33.0,440.0,47.5,297.0,272.5,415.0,126.5,2279,22,Klaus Gjasula,defender,-11.03779457536683,103.5909090909091,90.0,1980.0,0.2,1.5,20.0,2.1590909090909087,13.5,12.386363636363637,18.863636363636363,5.75,,,23.5,,61.8,37.2,52.0,60.8,45.7,50.0,0.4,114.25,1.3333333333333335,44.36666666666667, Standard
13136,9.6,22.0,292.0,52.5,380.5,419.4,361.9,56.5,2413,29,Erhan Masovic,defender,-11.976174496644296,83.20689655172414,90.0,2610.0,0.3310344827586207,0.7586206896551724,10.068965517241379,1.8103448275862069,13.120689655172413,14.462068965517242,12.479310344827585,1.9482758620689655,,,6.9,,57.8,52.0,24.5,7.8,40.1,41.2,3.5,11.457142857142857,11.666666666666666,28.433333333333337, Standard
46932,13.5,16.0,981.0,115.5,293.5,422.7,1039.2,124.0,5606,32,Castello Lukeba,defender,-14.63490616621984,175.1875,90.0,2880.0,0.421875,0.5,30.65625,3.6093750000000004,9.171875,13.209375,32.475,3.875,,,63.7,,32.3,43.1,85.3,32.3,47.1,52.9,40.0,1.1775,95.0,-47.9,"  Overpriced (Expensive, Low Performance)"
4670,22.7,53.0,627.0,86.5,313.0,409.2,671.8,158.5,3736,30,Christoph Klarer,defender,-16.853151203678657,124.53333333333333,90.0,2700.0,0.7566666666666666,1.7666666666666666,20.9,2.8833333333333333,10.433333333333334,13.64,22.39333333333333,5.283333333333333,,,32.3,,40.2,45.1,59.8,53.9,42.7,45.1,3.5,12.200000000000001,11.666666666666666,31.03333333333334, Standard
9198,91.2,110.0,146.5,79.0,130.0,115.2,301.6,25.5,1983,27,Wout Weghorst,forward,10.189487312273434,73.44444444444444,90.0,2430.0,3.3777777777777778,4.074074074074074,5.425925925925926,2.925925925925926,4.814814814814815,4.2666666666666675,11.170370370370371,0.9444444444444444,64.9,56.9,36.4,46.7,,,,,57.4,60.3,6.0,9.566666666666666,20.0,37.4, Standard
4255,2.3,10.0,128.0,19.0,48.0,65.0,76.5,12.0,585,13,Robert Gumny,midfielder,-1.1396160558464221,45.0,90.0,1170.0,0.1769230769230769,0.7692307692307693,9.846153846153847,1.4615384615384617,3.6923076923076925,5.0,5.884615384615385,0.9230769230769231,13.9,6.2,32.5,12.9,11.0,26.3,6.7,,16.9,8.6,,,,, Standard
30003,0.3,10.0,64.5,15.0,57.0,35.4,42.7,3.5,279,6,Jacob Christensen,midfielder,-7.302189781021898,46.5,90.0,540.0,0.05,1.6666666666666665,10.75,2.5,9.5,5.8999999999999995,7.116666666666667,0.5833333333333334,4.1,23.7,38.7,39.5,58.3,33.0,13.9,,33.0,26.8,1.5,22.0,5.0,28.0, Standard
53703,131.6,115.0,431.5,221.5,166.5,87.3,501.7,26.0,2898,24,Jamal Musiala,forward,14.1231822971549,120.75,90.0,2160.0,5.483333333333333,4.791666666666667,17.979166666666664,9.229166666666668,6.9375,3.6374999999999997,20.904166666666665,1.0833333333333333,86.5,63.7,93.3,94.4,,,,,81.6,87.6,120.0,0.6799999999999999,95.0,-13.400000000000006," Fair Value (Good Performance, Fair Price)"
57297,8.4,25.0,1332.5,157.5,610.5,791.8,1259.0,167.5,6901,33,Willian Pacho,defender,-16.456229103067304,209.12121212121212,90.0,2970.0,0.2545454545454545,0.7575757575757576,40.378787878787875,4.7727272727272725,18.5,23.99393939393939,38.15151515151515,5.075757575757576,,,90.2,,90.2,96.1,89.2,52.0,90.0,95.1,35.0,2.5714285714285716,95.0,-5.0," Fair Value (Good Performance, Fair Price)"
13176,23.9,22.0,485.5,76.0,404.0,462.9,469.5,63.5,3080,24,Danilho Doekhi,defender,-15.62279843444227,128.33333333333334,90.0,2160.0,0.9958333333333332,0.9166666666666667,20.229166666666664,3.166666666666667,16.833333333333332,19.2875,19.5625,2.6458333333333335,,,28.4,,83.3,76.5,55.9,15.7,64.2,65.7,12.0,5.3500000000000005,40.0,24.200000000000003, Standard
1286,36.4,364.0,402.5,72.0,224.0,178.5,444.2,100.5,2573,23,Nadiem Amiri,midfielder,5.714056382145653,111.8695652173913,90.0,2070.0,1.5826086956521739,15.826086956521738,17.5,3.130434782608696,9.73913043478261,7.760869565217391,19.31304347826087,4.369565217391305,69.3,96.1,70.1,56.0,61.2,53.1,65.5,,71.0,81.5,4.0,17.75,13.333333333333334,57.666666666666664, Standard
52556,28.2,42.0,403.0,79.5,597.0,443.5,684.0,58.5,3705,30,Eric Martel,midfielder,-5.086192698325556,123.5,90.0,2700.0,0.94,1.4,13.433333333333334,2.65,19.900000000000002,14.783333333333335,22.8,1.9500000000000002,45.9,18.7,49.3,44.0,98.0,93.7,76.0,,56.0,54.5,9.0,6.222222222222222,30.0,26.0, Standard
15718,31.1,230.0,236.0,47.0,111.5,102.3,304.0,83.5,1689,21,Arne Maier,midfielder,9.674880668257757,80.42857142857143,90.0,1890.0,1.480952380952381,10.952380952380953,11.238095238095237,2.238095238095238,5.309523809523809,4.871428571428572,14.476190476190476,3.9761904761904763,67.0,93.7,40.2,32.5,22.5,25.8,45.0,,48.8,45.0,5.0,9.76,16.666666666666664,32.13333333333333, Standard
568,29.0,9.0,1010.5,220.0,479.0,612.0,1030.0,122.0,5113,30,Nico Elvedi,defender,-16.883408600039267,170.43333333333334,90.0,2700.0,0.9666666666666666,0.30000000000000004,33.68333333333333,7.333333333333334,15.966666666666667,20.4,34.333333333333336,4.066666666666666,,,73.5,,79.4,80.4,86.3,34.8,77.0,84.3,10.0,7.7,33.33333333333333,43.66666666666667," Great Value (High Performance, Reasonable Price)"
64023,165.9,383.0,830.0,317.5,194.5,155.2,1253.0,88.0,5727,32,Florian Wirtz,forward,14.364574149180038,178.96875,90.0,2880.0,5.184375,11.96875,25.937499999999996,9.921875,6.078125,4.85,39.15625,2.75,85.3,93.3,99.0,95.6,,,,,90.4,97.9,130.0,0.6953846153846154,95.0,-4.599999999999994, Elite (Expensive but Worth It)
13823,30.1,516.0,826.0,145.5,366.5,387.2,926.1,119.0,5696,31,David Raum,midfielder,1.1046338875132649,183.74193548387098,90.0,2790.0,0.970967741935484,16.64516129032258,26.64516129032258,4.693548387096774,11.82258064516129,12.490322580645161,29.8741935483871,3.8387096774193545,47.3,96.6,89.4,79.9,76.0,88.0,84.7,,85.0,97.1,25.0,3.4,83.33333333333334,1.6666666666666572," Fair Value (Good Performance, Fair Price)"
5658,66.7,90.0,395.0,143.0,132.0,107.2,394.3,89.5,2233,21,Dani Olmo,midfielder,7.914013605442178,106.33333333333333,90.0,1890.0,3.176190476190476,4.285714285714286,18.80952380952381,6.80952380952381,6.285714285714286,5.104761904761904,18.776190476190475,4.261904761904762,93.7,65.0,74.6,94.2,29.7,27.3,63.6,,64.8,69.3,50.0,1.296,95.0,-30.200000000000003,"  Overpriced (Expensive, Low Performance)"
10431,14.5,112.0,405.0,96.5,341.5,249.8,415.2,78.0,2746,24,Matthias Bader,midfielder,-3.487329650092081,114.41666666666667,90.0,2160.0,0.6041666666666666,4.666666666666667,16.875,4.020833333333333,14.229166666666666,10.408333333333333,17.3,3.2499999999999996,35.4,70.8,67.9,70.8,87.5,78.0,60.7,,69.5,78.4,1.5,46.333333333333336,5.0,64.5, Standard
115,25.900000000000002,51.0,837.0,129.5,454.0,372.0,951.2,210.5,4413,25,Emre Can,midfielder,-7.553450639853748,176.52,90.0,2250.0,1.036,2.04,33.48,5.18,18.16,14.879999999999999,38.048,8.42,51.2,32.5,94.7,85.1,97.6,94.2,93.3,,79.3,91.8,10.0,7.93,33.33333333333333,45.96666666666667," Great Value (High Performance, Reasonable Price)"
32432,28.7,133.0,833.5,238.0,332.0,258.1,1046.8,56.5,4986,29,Alphonso Davies,midfielder,0.5832459677419356,171.93103448275863,90.0,2610.0,0.9896551724137931,4.586206896551724,28.741379310344826,8.206896551724139,11.448275862068966,8.9,36.096551724137925,1.9482758620689655,48.8,70.3,91.8,98.0,72.7,64.6,91.3,,81.7,94.7,50.0,1.6340000000000001,95.0,-13.299999999999997," Fair Value (Good Performance, Fair Price)"
26464,2.9,10.0,310.5,50.5,235.5,314.8,289.3,61.0,1793,19,Christoph Zimmermann,defender,-18.49971846846847,94.36842105263158,90.0,1710.0,0.15263157894736842,0.5263157894736842,16.342105263157897,2.6578947368421053,12.394736842105264,16.56842105263158,15.226315789473684,3.210526315789474,,,16.7,,54.9,64.7,35.3,26.5,46.8,52.0,0.8,58.49999999999999,2.666666666666667,44.13333333333333, Standard
44929,255.3,153.0,335.5,148.5,102.5,96.6,475.9,38.5,2853,30,Deniz Undav,forward,14.153010752688173,95.1,90.0,2700.0,8.51,5.1,11.183333333333334,4.95,3.4166666666666665,3.2199999999999998,15.863333333333333,1.2833333333333334,95.6,68.3,79.7,76.2,,,,,82.7,89.9,25.0,3.3080000000000003,83.33333333333334,-0.63333333333334," Fair Value (Good Performance, Fair Price)"
810,0.3,13.0,87.0,21.5,74.5,53.4,97.2,8.5,523,14,Christoph Kramer,midfielder,-0.3632495164410056,37.357142857142854,90.0,1260.0,0.02142857142857143,0.9285714285714286,6.214285714285714,1.5357142857142856,5.321428571428571,3.814285714285714,6.942857142857144,0.6071428571428572,1.4,7.7,14.3,14.8,23.0,20.1,12.9,,13.8,5.7,,,,, Standard
68020,55.7,46.0,94.0,63.5,32.0,31.8,87.5,14.0,841,14,Hugo Ekitiké,forward,14.366871165644172,60.07142857142857,90.0,1260.0,3.9785714285714286,3.285714285714286,6.714285714285714,4.535714285714286,2.2857142857142856,2.271428571428572,6.25,1.0,76.2,39.3,51.2,68.3,,,,,62.3,64.9,20.0,3.1149999999999998,66.66666666666666,-4.36666666666666, Standard
2027,31.3,65.0,454.0,51.0,484.0,324.3,828.0,127.5,3705,27,Ellyes Skhiri,midfielder,-5.745449606085303,137.22222222222223,90.0,2430.0,1.1592592592592592,2.4074074074074074,16.814814814814817,1.8888888888888888,17.925925925925927,12.011111111111111,30.666666666666664,4.722222222222222,55.5,40.2,67.4,23.4,97.1,86.1,86.6,,65.2,70.8,10.0,6.5200000000000005,33.33333333333333,31.866666666666674, Standard
7464,0.6,20.0,39.0,7.0,43.0,34.1,78.8,-1.0,462,8,Donny van de Beek,midfielder,5.037977528089887,57.75,90.0,720.0,0.075,2.5,4.875,0.875,5.375,4.2625,9.85,-0.125,6.2,41.1,9.6,3.8,23.4,22.5,24.9,,20.2,11.5,,,,, Standard
4044,1.2,3.0,236.5,48.0,258.5,156.8,357.2,51.5,1730,20,Bartol Franjic,midfielder,-5.833137829912023,86.5,90.0,1800.0,0.06,0.15000000000000002,11.825,2.4000000000000004,12.924999999999999,7.84,17.86,2.575,5.5,1.4,43.0,37.3,83.2,54.0,62.7,,41.8,35.2,2.5,16.72,8.333333333333332,33.46666666666667, Standard
12150,48.8,81.0,727.5,98.0,361.5,208.0,1462.1,142.5,5780,24,Exequiel Palacios,midfielder,2.092175273865415,240.83333333333334,90.0,2160.0,2.033333333333333,3.375,30.312500000000004,4.083333333333334,15.062499999999998,8.666666666666666,60.92083333333333,5.9375,79.9,52.1,92.3,73.2,91.8,61.2,98.5,,81.0,93.3,45.0,1.8,95.0,-14.0," Fair Value (Good Performance, Fair Price)"
4168,130.6,148.0,243.5,89.0,116.0,85.2,287.8,28.5,2028,29,Robin Hack,midfielder,8.206767676767676,69.93103448275862,90.0,2610.0,4.503448275862069,5.1034482758620685,8.39655172413793,3.0689655172413794,4.0,2.937931034482759,9.924137931034483,0.9827586206896551,98.5,74.6,24.9,55.0,12.9,9.6,25.3,,39.0,31.8,5.0,7.8,16.666666666666664,22.333333333333336, Standard
1902,103.4,129.0,380.0,101.5,99.5,95.6,396.2,56.0,2513,27,Alassane Pléa,forward,10.986137008512364,93.07407407407408,90.0,2430.0,3.8296296296296295,4.777777777777778,14.074074074074074,3.759259259259259,3.685185185185185,3.5407407407407403,14.674074074074074,2.0740740740740744,72.8,62.6,85.3,60.3,,,,,67.9,74.0,7.0,9.700000000000001,23.333333333333332,44.56666666666668, Standard
27747,15.5,0.0,350.5,54.5,184.0,234.1,273.4,61.0,1759,15,Yannik Keitel,defender,-14.945720850086158,117.26666666666667,90.0,1350.0,1.0333333333333332,0.0,23.366666666666667,3.6333333333333333,12.266666666666667,15.606666666666666,18.226666666666667,4.066666666666666,,,43.1,,53.9,55.9,45.1,34.8,50.5,56.4,4.0,12.625,13.333333333333334,37.166666666666664, Standard
1457,3.2,33.0,178.5,34.0,98.5,114.9,171.8,46.5,1098,16,Marnon Busch,midfielder,-2.7632596685082875,68.625,90.0,1440.0,0.2,2.0625,11.15625,2.125,6.156250000000001,7.181250000000001,10.7375,2.9062500000000004,14.8,33.0,39.7,28.0,29.2,48.3,29.2,,33.2,27.3,1.5,22.133333333333336,5.0,28.200000000000003, Standard
1047,19.7,102.0,1103.5,206.5,442.5,522.7,699.4,165.0,4509,30,Jeffrey Gouweleeuw,defender,-13.688811969629299,150.3,90.0,2700.0,0.6566666666666666,3.4,36.78333333333333,6.883333333333334,14.75,17.423333333333336,23.313333333333333,5.5,,,84.3,,71.6,69.6,65.7,55.9,72.2,77.4,1.5,48.13333333333333,5.0,67.2, Standard
1313,3.0,99.0,895.5,162.5,431.0,468.6,597.6,167.0,3955,33,Jonas Föhrenbach,midfielder,-7.092928008140422,119.84848484848484,90.0,2970.0,0.09090909090909091,3.0,27.136363636363637,4.924242424242424,13.06060606060606,14.200000000000001,18.10909090909091,5.0606060606060606,7.2,46.4,89.9,82.7,85.1,93.3,63.1,,71.8,82.7,3.5,20.514285714285712,11.666666666666666,60.13333333333333, Standard
23365,44.7,30.0,55.5,25.0,62.5,47.4,72.8,-1.5,785,25,Steffen Tigges,midfielder,6.793619791666667,31.4,80.74285714285713,2018.5714285714284,1.9929936305732487,1.3375796178343948,2.4745222929936306,1.1146496815286624,2.786624203821656,2.113375796178344,3.245859872611465,-0.06687898089171974,79.4,17.7,1.9,6.2,4.8,2.4,1.4,,9.8,2.9,,,,, Standard
9544,31.9,166.0,430.5,113.5,230.5,250.7,357.5,42.0,2606,23,Phillipp Mwene,midfielder,1.8259765625,113.30434782608695,90.0,2070.0,1.3869565217391304,7.217391304347826,18.717391304347828,4.934782608695652,10.021739130434783,10.899999999999999,15.543478260869565,1.826086956521739,63.1,86.1,73.7,83.7,63.1,82.0,50.7,,72.0,83.2,2.5,28.8,8.333333333333332,63.66666666666667, Standard
31336,0.0,0.0,44.0,14.5,75.5,83.9,45.8,8.0,403,10,Noah Loosli,defender,-11.463408521303258,40.3,90.0,900.0,0.0,0.0,4.4,1.45,7.55,8.39,4.58,0.8,,,1.0,,28.4,26.5,1.0,2.0,18.3,7.8,,,,, Standard
296,36.7,39.0,944.0,133.0,367.5,348.6,858.4,244.0,4247,25,Mats Hummels,defender,-13.858191287878787,169.88,90.0,2250.0,1.4680000000000002,1.5599999999999998,37.76,5.32,14.7,13.944,34.336,9.76,,,88.2,,70.6,48.0,87.2,86.3,69.8,72.5,5.0,13.959999999999999,16.666666666666664,53.13333333333333, Standard
53763,36.2,49.0,88.5,39.0,21.5,25.8,81.9,13.0,638,25,Dion Beljo,forward,12.881906300484653,25.52,65.62285714285714,1640.5714285714287,1.9858934169279,2.6880877742946705,4.855015673981191,2.139498432601881,1.1794670846394983,1.4153605015673982,4.49294670846395,0.713166144200627,36.4,25.0,29.6,21.6,,,,,29.7,22.8,,,,, Standard
5253,39.0,62.0,87.5,26.0,47.0,20.5,142.7,17.5,702,10,Serge Gnabry,forward,13.424999999999999,70.2,90.0,900.0,3.9000000000000004,6.2,8.75,2.6,4.7,2.0500000000000003,14.269999999999998,1.75,75.1,76.2,67.1,42.1,,,,,68.4,75.1,40.0,1.7100000000000002,95.0,-26.599999999999994,"  Overpriced (Expensive, Low Performance)"
49171,46.0,102.0,248.5,67.0,137.5,103.2,209.6,56.0,1443,29,Kevin Sessa,midfielder,4.026323218066337,49.758620689655174,90.0,2610.0,1.5862068965517242,3.5172413793103448,8.56896551724138,2.310344827586207,4.741379310344827,3.558620689655173,7.227586206896552,1.9310344827586206,69.8,54.0,27.0,35.4,18.7,16.3,14.3,,31.7,24.4,2.5,12.68,8.333333333333332,23.366666666666667, Standard
98,31.7,520.0,1063.0,165.0,278.0,198.8,1421.7,272.0,6183,28,Joshua Kimmich,midfielder,3.4326570361954225,220.82142857142858,90.0,2520.0,1.1321428571428571,18.57142857142857,37.964285714285715,5.892857142857143,9.928571428571429,7.1000000000000005,50.775000000000006,9.714285714285715,53.6,98.0,97.6,91.8,62.2,47.8,97.6,,87.1,97.6,50.0,1.742,95.0,-7.900000000000006, Elite (Expensive but Worth It)
30434,0.0,0.0,202.5,13.5,0.0,8.0,75.1,48.5,672,9,Pavao Pervan,defender,-43.78125,74.66666666666667,90.0,810.0,0.0,0.0,22.5,1.5,0.0,0.8888888888888888,8.344444444444445,5.388888888888889,,,39.2,,4.9,1.0,7.8,54.9,13.4,1.0,,,,, Standard
29720,51.0,59.0,454.5,112.5,244.0,255.6,684.1,88.0,3430,21,Julian Ryerson,midfielder,-1.430920859076199,163.33333333333334,90.0,1890.0,2.428571428571429,2.8095238095238093,21.642857142857142,5.357142857142857,11.619047619047619,12.17142857142857,32.576190476190476,4.190476190476191,85.1,45.0,81.3,86.6,74.1,86.6,88.5,,75.0,86.6,15.0,5.0,50.0,25.0," Great Value (High Performance, Reasonable Price)"
105759,26.099999999999998,39.0,386.0,73.0,297.0,224.7,648.5,90.0,2737,29,Hugo Larsson,midfielder,-4.010774907749078,94.37931034482759,90.0,2610.0,0.8999999999999999,1.3448275862068966,13.310344827586206,2.5172413793103448,10.241379310344827,7.748275862068965,22.362068965517242,3.103448275862069,44.0,18.2,48.8,40.2,64.6,52.6,75.1,,48.1,43.0,28.0,1.717857142857143,93.33333333333333,-45.23333333333333, Standard
10617,0.0,0.0,1124.5,145.5,3.0,41.5,401.5,267.5,3210,34,Marvin Schwäbe,defender,-39.83915887850467,94.41176470588235,90.0,3060.0,0.0,0.0,33.07352941176471,4.279411764705882,0.08823529411764705,1.2205882352941178,11.808823529411764,7.867647058823529,,,70.6,,9.8,2.9,21.6,78.4,24.5,13.7,,,,, Standard
44193,23.3,87.0,374.5,73.5,254.0,250.7,319.3,83.5,2280,23,Iago,midfielder,-1.304871567759079,99.1304347826087,90.0,2070.0,1.0130434782608697,3.782608695652174,16.282608695652176,3.1956521739130435,11.043478260869565,10.899999999999999,13.882608695652173,3.630434782608696,50.2,58.3,63.6,56.9,69.8,82.0,42.6,,59.9,64.6,4.5,13.31111111111111,15.0,44.9, Standard
32182,22.7,20.0,39.5,22.5,38.5,25.7,41.5,15.0,552,18,Mikkel Kaufmann,midfielder,9.35751391465677,30.666666666666668,78.85714285714286,1419.4285714285716,1.4393115942028984,1.2681159420289854,2.504528985507246,1.4266304347826084,2.441123188405797,1.6295289855072463,2.6313405797101446,0.951086956521739,65.5,15.3,2.4,12.0,2.9,1.0,0.5,,8.8,1.4,,,,, Standard
22952,18.4,56.0,68.0,31.0,36.5,37.7,66.0,-0.5,633,20,Lukas Daschner,forward,13.535520000000002,31.65,81.38571428571429,1627.7142857142858,1.0173775671406002,3.0963665086887833,3.759873617693523,1.7140600315955767,2.018167456556082,2.0845181674565563,3.649289099526066,-0.027646129541864135,14.8,34.1,20.5,13.7,,,,,20.7,10.2,,,,, Standard
1708,7.5,23.0,186.5,35.5,128.0,132.8,146.6,28.5,1074,23,Jérôme Roussillon,midfielder,-2.450187969924812,46.69565217391305,90.0,2070.0,0.32608695652173914,1.0,8.108695652173912,1.5434782608695654,5.565217391304348,5.773913043478261,6.37391304347826,1.2391304347826086,22.5,8.4,23.9,15.3,23.9,32.0,10.5,,18.3,10.0,,,,, Standard
205,0.0,0.0,262.0,12.0,0.0,31.0,170.2,106.5,1060,13,Péter Gulácsi,defender,-38.00471698113208,81.53846153846153,90.0,1170.0,0.0,0.0,20.153846153846153,0.9230769230769231,0.0,2.3846153846153846,13.092307692307692,8.192307692307692,,,25.5,,4.9,14.7,26.5,80.4,17.9,6.9,,,,, Standard
49785,0.0,10.0,1127.5,100.5,0.0,67.0,305.5,255.0,3142,34,Noah Atubolu,defender,-40.74392106938256,92.41176470588235,90.0,3060.0,0.0,0.29411764705882354,33.161764705882355,2.9558823529411766,0.0,1.9705882352941175,8.98529411764706,7.5,,,71.6,,4.9,9.8,9.8,75.0,23.7,12.7,,,,, Standard
44886,27.0,136.0,383.5,110.5,124.0,136.6,345.9,66.0,2194,29,Marius Bülter,midfielder,5.7474388555606835,75.65517241379311,90.0,2610.0,0.9310344827586207,4.689655172413793,13.224137931034484,3.810344827586207,4.275862068965517,4.710344827586207,11.927586206896551,2.2758620689655173,45.4,71.3,48.3,67.4,16.3,24.4,34.9,,46.7,41.1,3.0,15.566666666666668,10.0,36.7, Standard
29485,6.2,10.0,645.0,84.5,327.0,395.9,579.2,89.5,3325,22,Cédric Zesiger,defender,-15.748407643312103,151.13636363636363,90.0,1980.0,0.28181818181818186,0.4545454545454546,29.318181818181817,3.840909090909091,14.863636363636365,17.995454545454542,26.327272727272728,4.068181818181818,,,61.8,,72.5,72.5,70.6,36.3,68.4,69.6,6.0,11.4,20.0,48.400000000000006, Standard
52475,93.4,148.0,356.0,166.5,263.5,197.9,316.8,31.0,2553,31,Ansgar Knauff,midfielder,8.357383627608346,82.35483870967742,90.0,2790.0,3.0129032258064514,4.774193548387097,11.483870967741936,5.370967741935484,8.5,6.383870967741935,10.219354838709679,1.0,92.3,71.7,41.6,87.3,47.8,40.2,27.7,,53.5,51.4,10.0,5.35,33.33333333333333,20.16666666666667, Standard
997,2.9,10.0,1219.5,147.0,377.0,599.3,895.8,352.5,4745,32,Kevin Vogt,defender,-17.645946519524617,148.28125,90.0,2880.0,0.090625,0.3125,38.109375,4.59375,11.78125,18.728125,27.99375,11.015625,,,89.2,,49.0,73.5,77.4,92.1,69.4,71.6,2.0,34.7,6.666666666666667,62.73333333333334, Standard
10430,42.5,89.0,182.0,70.0,226.0,111.2,336.3,56.5,1938,20,Marvin Mehlem,midfielder,4.344802110817942,96.9,90.0,1800.0,2.125,4.45,9.1,3.5,11.3,5.5600000000000005,16.815,2.825,80.8,67.4,29.2,62.9,71.7,30.6,57.4,,53.5,51.4,2.5,21.4,8.333333333333332,45.16666666666667, Standard
49835,3.3,82.0,275.0,62.5,210.0,208.2,293.6,41.0,2155,24,Felix Agu,midfielder,-2.860828625235405,89.79166666666667,90.0,2160.0,0.13749999999999998,3.4166666666666665,11.458333333333334,2.6041666666666665,8.75,8.674999999999999,12.233333333333336,1.7083333333333333,9.1,53.1,41.1,42.1,51.2,61.7,36.8,,43.9,37.8,2.5,17.56,8.333333333333332,35.56666666666666, Standard
53110,21.6,39.0,773.5,139.5,208.0,264.7,875.8,73.5,4230,25,Piero Hincapié,midfielder,-5.804397432850012,169.2,90.0,2250.0,0.8640000000000001,1.5599999999999998,30.94,5.58,8.32,10.588,35.032000000000004,2.9399999999999995,42.6,21.0,92.8,89.4,46.4,79.4,90.4,,67.6,75.6,40.0,1.69,95.0,-27.400000000000006,"  Overpriced (Expensive, Low Performance)"
977,18.9,16.0,591.0,79.5,365.5,528.7,559.5,125.5,3312,24,Robin Knoche,defender,-17.02364352834192,138.0,90.0,2160.0,0.7874999999999999,0.6666666666666667,24.625000000000004,3.3125,15.229166666666666,22.02916666666667,23.312500000000004,5.229166666666666,,,49.0,,73.5,88.2,64.7,52.9,71.1,75.5,4.0,17.775,13.333333333333334,57.76666666666666, Standard
13493,37.6,32.0,382.0,54.0,374.0,256.3,521.8,75.5,2454,21,Amadou Haidara,midfielder,-1.7917836498761353,116.85714285714286,90.0,1890.0,1.7904761904761906,1.523809523809524,18.19047619047619,2.571428571428571,17.80952380952381,12.204761904761906,24.847619047619045,3.5952380952380953,75.1,20.1,72.7,41.1,96.6,87.0,80.3,,64.6,68.9,20.0,3.2299999999999995,66.66666666666666,-2.066666666666663, Standard
31458,3.3,19.0,107.5,20.5,100.0,140.3,105.2,29.5,823,11,Patric Pfeiffer,defender,-12.452334152334153,74.81818181818181,90.0,990.0,0.3,1.727272727272727,9.772727272727273,1.8636363636363638,9.09090909090909,12.754545454545458,9.563636363636364,2.681818181818182,,,5.9,,31.4,39.2,12.7,16.7,26.0,16.7,,,,, Standard
15811,94.8,207.0,349.5,122.0,238.0,198.2,386.3,31.0,2702,30,Ritsu Doan,midfielder,7.197663903541823,90.06666666666666,90.0,2700.0,3.1599999999999997,6.8999999999999995,11.65,4.066666666666666,7.933333333333333,6.6066666666666665,12.876666666666667,1.0333333333333332,93.3,84.2,42.6,72.7,44.5,42.1,38.7,,56.1,55.0,18.0,3.1166666666666667,60.0,-3.8999999999999986, Standard
49447,22.2,72.0,982.5,101.5,503.0,506.0,1086.8,171.0,5600,30,Tuta,defender,-12.01521582733813,186.66666666666666,90.0,2700.0,0.7400000000000001,2.4000000000000004,32.75,3.3833333333333333,16.766666666666666,16.866666666666667,36.22666666666667,5.7,,,68.6,,82.3,65.7,88.2,59.8,74.0,82.3,12.0,6.166666666666667,40.0,34.0, Standard
44884,31.7,19.0,1225.0,193.0,789.0,844.7,770.9,226.5,5038,34,Patrick Mainka,defender,-19.38156948881789,148.1764705882353,90.0,3060.0,0.9323529411764706,0.5588235294117647,36.029411764705884,5.6764705882352935,23.205882352941178,24.844117647058823,22.673529411764708,6.661764705882353,,,82.3,,99.0,99.0,60.8,68.6,90.3,96.5,3.5,25.8,11.666666666666666,78.63333333333333," Hidden Gem (Elite Performance, Low Price)"
31223,81.1,68.0,524.5,104.0,409.5,236.4,565.3,85.5,3381,34,Rocco Reitz,midfielder,-2.7112045659357165,99.44117647058823,90.0,3060.0,2.385294117647059,2.0,15.426470588235293,3.0588235294117645,12.044117647058822,6.952941176470588,16.626470588235293,2.514705882352941,84.7,31.1,59.3,54.5,78.0,44.5,56.9,,56.2,56.2,10.0,5.62,33.33333333333333,22.866666666666674, Standard
9723,25.400000000000002,72.0,292.0,41.5,452.5,461.5,450.2,46.5,2712,31,Anthony Losilla,midfielder,-1.3382330827067668,87.48387096774194,90.0,2790.0,0.8193548387096774,2.3225806451612905,9.419354838709678,1.3387096774193548,14.596774193548388,14.88709677419355,14.52258064516129,1.5,40.7,38.7,31.1,10.5,89.0,94.7,45.9,,45.1,38.7,0.4,112.75,1.3333333333333335,43.766666666666666, Standard
53526,2.6,19.0,491.5,50.5,195.0,212.5,565.0,94.0,2727,21,Anthony Rouault,defender,-10.87742530431575,129.85714285714286,90.0,1890.0,0.12380952380952381,0.9047619047619048,23.4047619047619,2.4047619047619047,9.285714285714285,10.119047619047619,26.904761904761905,4.476190476190476,,,44.1,,33.3,30.4,75.5,42.1,39.2,37.2,7.0,5.6000000000000005,23.333333333333332,15.86666666666667, Standard
64020,28.2,148.0,247.5,64.5,94.0,65.3,237.1,45.5,1409,18,Julian Justvan,midfielder,8.000214132762313,78.27777777777777,90.0,1620.0,1.5666666666666667,8.222222222222221,13.750000000000002,3.5833333333333335,5.222222222222222,3.6277777777777773,13.172222222222222,2.5277777777777777,68.4,89.9,49.7,64.1,21.5,18.2,41.1,,53.0,50.2,2.5,21.2,8.333333333333332,44.66666666666667, Standard
355,27.5,39.0,70.0,21.5,48.5,34.5,132.1,16.5,681,14,Emil Forsberg,forward,10.721791044776118,48.642857142857146,90.0,1260.0,1.9642857142857142,2.7857142857142856,5.0,1.5357142857142856,3.4642857142857144,2.4642857142857144,9.435714285714285,1.1785714285714286,35.3,29.6,31.9,12.5,,,,,28.9,20.5,,,,, Standard
117428,0.3,10.0,26.5,10.0,27.0,20.7,49.3,10.0,273,8,Jean-Mattéo Bahoya,midfielder,9.444609665427508,34.125,87.75,702.0,0.038461538461538464,1.2820512820512822,3.3974358974358974,1.2820512820512822,3.4615384615384617,2.6538461538461537,6.32051282051282,1.2820512820512822,1.9,16.7,5.3,9.1,10.0,5.7,9.6,,9.2,1.9,,,,, Standard
1169,98.8,401.0,513.5,164.5,137.0,84.2,933.2,133.5,4147,32,Jonas Hofmann,forward,14.801268602098073,129.59375,90.0,2880.0,3.0875,12.53125,16.046875,5.140625,4.28125,2.63125,29.1625,4.171875,61.4,94.4,88.8,78.5,,,,,76.1,83.1,10.0,7.609999999999999,33.33333333333333,42.766666666666666," Great Value (High Performance, Reasonable Price)"
67359,0.8999999999999999,10.0,48.0,14.0,46.0,43.7,48.9,12.0,435,6,Kilian Fischer,midfielder,-2.085280373831776,72.5,90.0,540.0,0.15,1.6666666666666665,8.0,2.3333333333333335,7.666666666666666,7.283333333333333,8.15,2.0,11.5,23.7,23.4,35.9,41.6,50.2,18.2,,27.4,19.1,,,,, Standard
1083,0.0,50.0,226.0,28.5,94.5,95.2,208.2,48.0,1164,12,Dominique Heintz,midfielder,-7.273483535528596,97.0,90.0,1080.0,0.0,4.166666666666666,18.833333333333332,2.375,7.874999999999999,7.9333333333333345,17.349999999999998,4.0,0.7,63.1,75.1,36.3,44.0,57.2,61.2,,57.5,58.3,1.0,57.5,3.3333333333333335,54.166666666666664, Standard
7154,53.9,56.0,102.5,59.5,42.5,62.9,180.4,24.5,1092,18,Rafael Borré,midfielder,9.987797902764537,60.666666666666664,90.0,1620.0,2.994444444444444,3.1111111111111107,5.694444444444445,3.305555555555556,2.361111111111111,3.4944444444444445,10.022222222222222,1.3611111111111112,91.8,47.3,12.4,58.3,1.9,14.3,25.8,,28.5,21.0,,,,, Standard
48386,70.2,62.0,543.5,67.0,507.0,609.5,494.3,117.5,3163,27,Keven Schlotterbeck,defender,-14.173846153846155,117.14814814814815,90.0,2430.0,2.6,2.2962962962962963,20.12962962962963,2.4814814814814814,18.77777777777778,22.574074074074076,18.30740740740741,4.351851851851852,,,24.5,,91.2,91.2,47.0,38.2,70.8,74.5,6.0,11.799999999999999,20.0,50.8, Standard
2498,49.3,61.0,770.0,108.0,427.5,556.2,738.3,111.5,4337,28,Ozan Kabak,defender,-11.948380330925191,154.89285714285714,90.0,2520.0,1.7607142857142857,2.178571428571429,27.500000000000004,3.857142857142857,15.267857142857144,19.864285714285714,26.36785714285714,3.982142857142857,,,56.9,,74.5,79.4,71.6,33.3,70.1,73.5,10.0,7.01,33.33333333333333,36.766666666666666, Standard
33303,0.3,20.0,99.5,13.0,49.0,55.0,78.5,7.5,557,6,Nicolas Cozza,midfielder,-6.75750452079566,92.83333333333333,90.0,540.0,0.05,3.333333333333333,16.583333333333332,2.1666666666666665,8.166666666666668,9.166666666666666,13.083333333333334,1.25,4.1,51.7,65.5,29.9,45.9,67.9,40.7,,49.6,46.4,3.5,14.171428571428573,11.666666666666666,37.93333333333334, Standard
409,41.3,160.0,437.0,94.5,115.0,108.6,628.9,61.5,2819,20,Raphaël Guerreiro,midfielder,5.106238859180035,140.95,90.0,1800.0,2.065,8.0,21.85,4.725,5.75,5.43,31.444999999999997,3.0749999999999997,80.3,88.5,81.8,80.3,26.8,29.2,87.0,,72.8,84.2,12.0,6.066666666666666,40.0,32.8, Standard
929,40.2,68.0,111.0,48.5,88.5,57.8,176.4,18.5,979,27,Eric-Maxim Choupo-Moting,forward,10.803430353430352,36.25925925925926,90.0,2430.0,1.4888888888888892,2.5185185185185186,4.111111111111111,1.7962962962962965,3.2777777777777777,2.140740740740741,6.533333333333334,0.6851851851851852,26.2,19.3,22.8,15.9,,,,,21.9,11.4,,,,, Standard
56431,9.0,3.0,40.0,19.5,35.5,15.0,47.1,2.0,406,11,Moritz-Broni Kwarteng,forward,12.224433249370279,36.90909090909091,90.0,990.0,0.8181818181818181,0.2727272727272727,3.6363636363636367,1.7727272727272725,3.2272727272727275,1.3636363636363638,4.281818181818182,0.18181818181818182,6.8,4.6,15.9,14.8,,,,,8.2,3.4,,,,, Standard
200,3.8,33.0,295.5,56.0,69.0,128.9,253.9,50.5,1368,8,Thomas Meunier,midfielder,-6.576401179941003,171.0,90.0,720.0,0.47500000000000003,4.125,36.9375,7.0,8.625,16.1125,31.7375,6.3125,29.2,62.7,96.1,94.7,49.3,97.1,87.5,,77.7,89.0,2.5,31.080000000000002,8.333333333333332,69.36666666666667," Great Value (High Performance, Reasonable Price)"
1268,13.5,149.0,152.0,27.5,110.5,113.7,228.7,14.5,1387,15,Christian Günter,midfielder,3.3149963423555233,92.46666666666667,90.0,1350.0,0.9,9.933333333333334,10.133333333333333,1.8333333333333335,7.366666666666667,7.58,15.246666666666666,0.9666666666666666,44.7,93.3,34.4,22.0,37.3,51.2,48.8,,48.9,45.4,4.0,12.225,13.333333333333334,35.56666666666666, Standard
103675,2.9,36.0,60.0,13.0,41.0,29.3,64.5,8.5,351,13,Tom Bischof,midfielder,7.6659942363112386,27.0,69.42857142857142,902.5714285714284,0.2891737891737892,3.5897435897435903,5.982905982905984,1.2962962962962965,4.088319088319089,2.9216524216524222,6.431623931623932,0.8475783475783477,19.6,55.0,13.4,9.6,13.4,9.1,11.0,,21.1,12.9,,,,, Standard
45518,62.5,59.0,171.5,100.0,31.0,39.2,163.4,15.5,1206,27,Silas,forward,15.411724723874256,44.666666666666664,90.0,2430.0,2.314814814814815,2.185185185185185,6.351851851851852,3.7037037037037037,1.1481481481481481,1.4518518518518522,6.051851851851851,0.5740740740740741,47.8,14.8,47.8,59.2,,,,,40.2,36.4,10.0,4.0200000000000005,33.33333333333333,6.866666666666674, Standard
29174,66.4,32.0,359.0,81.0,454.0,392.4,474.1,44.5,3119,31,Leandro Barreiro,midfielder,-1.1594231399541135,100.61290322580645,90.0,2790.0,2.141935483870968,1.032258064516129,11.580645161290322,2.6129032258064515,14.64516129032258,12.65806451612903,15.293548387096775,1.435483870967742,81.3,9.6,42.1,43.0,89.4,89.4,49.3,,48.2,43.8,17.0,2.835294117647059,56.666666666666664,-8.466666666666661, Standard
582,0.0,0.0,772.0,60.0,3.0,46.5,340.2,277.0,2131,23,Manuel Neuer,defender,-41.035838421794274,92.65217391304348,90.0,2070.0,0.0,0.0,33.56521739130435,2.608695652173913,0.13043478260869565,2.0217391304347827,14.791304347826088,12.043478260869565,,,72.5,,15.7,11.8,34.3,94.1,31.7,29.4,4.0,7.925,13.333333333333334,18.366666666666667, Standard
968,128.6,78.0,128.0,64.5,141.5,112.1,176.2,29.0,1625,32,Michael Gregoritsch,midfielder,8.975410872313528,50.78125,90.0,2880.0,4.01875,2.4375,4.0,2.015625,4.421875,3.503125,5.50625,0.9062500000000001,97.6,40.7,6.7,26.3,17.7,14.8,5.3,,21.8,14.3,,,,, Standard
49562,10.9,58.0,823.0,165.0,268.5,271.1,912.3,108.5,4208,22,Odilon Kossounou,midfielder,-2.9188007644529383,191.27272727272728,90.0,1980.0,0.4954545454545454,2.6363636363636367,37.409090909090914,7.5,12.204545454545455,12.322727272727274,41.46818181818182,4.931818181818182,29.7,43.0,96.6,96.6,78.9,87.5,94.7,,79.1,90.9,35.0,2.26,95.0,-15.900000000000006," Fair Value (Good Performance, Fair Price)"
52528,164.6,32.0,127.0,69.0,93.5,102.5,152.1,-0.5,1362,31,Benjamin Sesko,midfielder,9.751800766283525,43.935483870967744,90.0,2790.0,5.309677419354839,1.032258064516129,4.096774193548387,2.225806451612903,3.0161290322580645,3.306451612903226,4.906451612903226,-0.016129032258064516,99.0,9.6,7.2,31.1,6.2,12.4,3.3,,14.2,6.2,,,,, Standard
984,9.5,42.0,343.5,55.0,199.5,194.3,317.6,39.5,1952,22,Benno Schmitz,midfielder,-0.08621579762519366,88.72727272727273,90.0,1980.0,0.43181818181818177,1.9090909090909092,15.613636363636365,2.5,9.068181818181818,8.831818181818182,14.436363636363637,1.7954545454545454,26.3,28.2,59.8,39.5,54.5,63.6,44.5,,46.9,41.6,1.5,31.266666666666666,5.0,41.9, Standard
8358,8.1,87.0,478.5,88.5,230.5,194.2,670.7,68.0,2910,19,Noussair Mazraoui,midfielder,2.6254319281271594,153.1578947368421,90.0,1710.0,0.42631578947368415,4.578947368421052,25.184210526315788,4.657894736842105,12.131578947368421,10.221052631578948,35.300000000000004,3.578947368421053,25.8,69.8,87.5,79.4,78.4,74.6,90.9,,78.6,89.9,30.0,2.6199999999999997,95.0,-16.400000000000006," Fair Value (Good Performance, Fair Price)"
943,22.2,59.0,523.5,66.0,496.5,469.8,529.8,141.0,3415,31,Dominik Kohr,midfielder,-9.61083978558666,110.16129032258064,90.0,2790.0,0.7161290322580646,1.903225806451613,16.887096774193548,2.129032258064516,16.016129032258064,15.15483870967742,17.09032258064516,4.548387096774194,37.3,27.7,68.4,28.9,94.7,95.7,59.8,,58.8,61.2,2.5,23.52,8.333333333333332,50.46666666666667, Standard
16806,10.7,365.0,333.5,53.0,141.0,181.7,258.5,54.5,1821,21,Josip Juranovic,midfielder,-2.887858719646799,86.71428571428571,90.0,1890.0,0.5095238095238095,17.38095238095238,15.88095238095238,2.5238095238095237,6.714285714285714,8.652380952380952,12.309523809523808,2.5952380952380953,30.1,97.6,61.7,40.7,33.5,60.7,37.3,,57.3,57.9,7.5,7.64,25.0,32.3, Standard
4123,189.1,105.0,348.0,174.5,86.5,81.9,310.4,31.0,2191,27,Donyell Malen,forward,15.093497445424989,81.14814814814815,90.0,2430.0,7.003703703703703,3.888888888888889,12.88888888888889,6.462962962962964,3.2037037037037037,3.0333333333333337,11.496296296296297,1.1481481481481481,93.3,55.8,83.1,86.5,,,,,80.2,85.3,40.0,2.005,95.0,-14.799999999999997," Fair Value (Good Performance, Fair Price)"
49833,35.7,95.0,70.0,58.5,67.0,55.6,97.3,8.5,1158,26,Moritz Broschinski,forward,14.288325791855204,44.53846153846154,90.0,2340.0,1.373076923076923,3.653846153846154,2.6923076923076925,2.25,2.5769230769230766,2.1384615384615384,3.742307692307692,0.3269230769230769,25.0,46.7,5.7,30.2,,,,,31.6,23.9,2.5,12.64,8.333333333333332,23.26666666666667, Standard
3425,19.6,86.0,278.0,97.0,194.5,151.2,298.5,24.5,1861,20,András Schäfer,midfielder,3.425301204819277,93.05,90.0,1800.0,0.98,4.3,13.9,4.85,9.725,7.56,14.925,1.2249999999999999,47.8,65.5,50.2,82.0,60.7,50.7,47.8,,57.6,58.8,5.0,11.52,16.666666666666664,40.93333333333334, Standard
66450,4.9,0.0,24.5,6.5,24.5,13.8,72.5,4.0,471,13,Amin Sarr,forward,11.185991379310344,36.23076923076923,90.0,1170.0,0.3769230769230769,0.0,1.8846153846153846,0.5,1.8846153846153846,1.0615384615384615,5.576923076923077,0.3076923076923077,2.3,2.3,1.1,1.1,,,,,2.0,1.1,,,,, Standard
1027,0.0,10.0,987.0,69.0,6.0,104.0,308.9,230.0,3146,34,Oliver Baumann,defender,-41.477011128775835,92.52941176470588,90.0,3060.0,0.0,0.29411764705882354,29.029411764705884,2.0294117647058822,0.1764705882352941,3.0588235294117645,9.08529411764706,6.764705882352941,,,60.8,,17.6,19.6,10.8,69.6,28.8,27.4,,,,, Standard
66510,0.6,10.0,417.5,73.0,175.5,185.2,232.8,90.0,1635,12,Tim Siersleben,defender,-18.275602223594813,136.25,90.0,1080.0,0.05,0.8333333333333333,34.791666666666664,6.083333333333333,14.625,15.433333333333334,19.4,7.5,,,76.5,,69.6,54.9,52.9,75.0,65.2,66.7,2.0,32.6,6.666666666666667,58.53333333333334, Standard
13710,45.5,90.0,314.5,71.0,151.0,154.5,344.3,58.0,2151,25,Robert Skov,midfielder,5.279528301886793,86.04,90.0,2250.0,1.8199999999999998,3.6,12.58,2.8400000000000003,6.04,6.18,13.772,2.32,75.6,55.7,46.9,49.3,27.7,37.8,42.1,,46.3,39.7,4.5,10.288888888888888,15.0,31.299999999999997, Standard
29452,25.8,111.0,379.0,105.5,249.0,173.8,508.3,82.5,2762,26,Dejan Ljubicic,midfielder,3.4972814107274064,106.23076923076923,90.0,2340.0,0.9923076923076924,4.269230769230769,14.576923076923078,4.0576923076923075,9.576923076923077,6.684615384615385,19.55,3.173076923076923,49.3,64.6,53.8,72.2,58.8,42.6,66.5,,59.7,63.6,5.0,11.940000000000001,16.666666666666664,43.03333333333334, Standard
5675,0.0,10.0,182.5,46.0,123.5,135.9,134.2,9.5,1010,13,Luca Kilian,defender,-17.419781312127235,77.6923076923077,90.0,1170.0,0.0,0.7692307692307693,14.038461538461538,3.5384615384615383,9.5,10.453846153846154,10.323076923076922,0.7307692307692308,,,10.8,,37.7,32.3,16.7,1.0,26.8,20.6,,,,, Standard
495,10.0,3.0,143.0,5.5,66.5,92.3,102.7,41.5,681,7,Leonardo Bonucci,defender,-13.188427299703264,97.28571428571429,90.0,630.0,1.4285714285714284,0.4285714285714286,20.428571428571427,0.7857142857142857,9.5,13.185714285714285,14.671428571428573,5.928571428571429,,,29.4,,37.7,42.1,32.8,63.7,38.2,35.8,1.5,25.46666666666667,5.0,33.2, Standard
32176,63.2,46.0,66.0,29.0,32.5,32.6,82.3,3.5,823,21,Tomas Cvancara,forward,11.192634207240948,39.19047619047619,90.0,1890.0,3.00952380952381,2.1904761904761907,3.142857142857143,1.380952380952381,1.5476190476190474,1.5523809523809524,3.9190476190476193,0.16666666666666669,59.2,15.9,10.2,8.0,,,,,33.5,25.0,6.0,5.583333333333333,20.0,13.5, Standard
66678,95.2,64.0,189.0,100.5,74.5,51.0,270.3,28.0,1635,30,Mathys Tel,forward,15.079838207840696,54.5,90.0,2700.0,3.1733333333333333,2.1333333333333333,6.300000000000001,3.3499999999999996,2.4833333333333334,1.7,9.01,0.9333333333333333,62.6,13.7,46.7,55.8,,,,,45.8,48.4,40.0,1.145,95.0,-49.2,"  Overpriced (Expensive, Low Performance)"
1522,4.4,84.0,424.5,72.0,138.0,129.4,402.1,90.0,2411,21,Marius Wolf,midfielder,0.023529411764705823,114.80952380952381,90.0,1890.0,0.20952380952380956,4.0,20.214285714285715,3.428571428571429,6.571428571428572,6.161904761904762,19.14761904761905,4.285714285714286,15.8,61.0,79.4,61.2,32.0,36.8,65.0,,59.3,62.2,3.0,19.766666666666666,10.0,49.3, Standard
1038,60.4,99.0,185.5,52.5,114.5,78.1,233.1,30.5,1489,22,Luca Waldschmidt,midfielder,8.613278008298755,67.68181818181819,90.0,1980.0,2.745454545454545,4.5,8.431818181818182,2.3863636363636362,5.204545454545454,3.55,10.595454545454546,1.3863636363636365,89.0,68.2,25.8,36.8,21.0,15.3,28.2,,37.7,30.6,3.0,12.566666666666668,10.0,27.700000000000003, Standard
68933,33.9,101.0,253.0,95.5,179.5,143.7,274.8,50.0,1803,24,Merlin Röhl,midfielder,5.202793614595211,75.125,90.0,2160.0,1.4125,4.208333333333333,10.541666666666666,3.9791666666666665,7.479166666666667,5.987499999999999,11.450000000000001,2.083333333333333,64.6,64.1,37.8,69.6,38.3,34.0,32.0,,46.6,40.4,12.0,3.8833333333333333,40.0,6.600000000000001, Standard
7594,9.3,117.0,765.0,162.0,308.5,190.2,964.4,82.5,4357,29,Konrad Laimer,midfielder,3.3218034682080924,150.24137931034483,90.0,2610.0,0.3206896551724138,4.0344827586206895,26.379310344827584,5.586206896551724,10.63793103448276,6.5586206896551715,33.255172413793105,2.844827586206897,21.5,61.7,89.0,89.9,67.4,41.1,89.0,,74.6,85.6,30.0,2.4866666666666664,95.0,-20.400000000000006," Fair Value (Good Performance, Fair Price)"
26805,28.799999999999997,89.0,369.0,95.5,343.0,257.9,485.4,50.0,2630,24,Patrick Osterhage,midfielder,0.7710000000000001,109.58333333333333,90.0,2160.0,1.2,3.708333333333333,15.375,3.9791666666666665,14.291666666666666,10.745833333333334,20.224999999999998,2.083333333333333,57.9,57.9,58.3,69.6,88.0,79.9,69.3,,66.5,72.2,7.0,9.5,23.333333333333332,43.16666666666667, Standard
1202,0.0,0.0,284.5,7.5,0.0,27.0,136.5,54.5,966,11,Sven Ulreich,defender,-40.277122153209106,87.81818181818181,90.0,990.0,0.0,0.0,25.863636363636367,0.6818181818181819,0.0,2.4545454545454546,12.409090909090908,4.954545454545455,,,52.0,,4.9,15.7,23.5,49.0,21.6,9.8,,,,, Standard
94848,0.8999999999999999,23.0,292.5,61.0,156.0,206.3,284.6,30.0,1664,20,Jordy Makengo,midfielder,-4.616727493917275,83.2,90.0,1800.0,0.04499999999999999,1.1500000000000001,14.625,3.0500000000000003,7.800000000000001,10.315000000000001,14.23,1.5,3.3,12.4,54.5,54.0,42.1,76.0,43.5,,41.0,34.0,2.5,16.4,8.333333333333332,32.66666666666667, Standard
5774,16.4,13.0,676.0,77.5,362.5,418.6,795.9,152.0,4044,19,Dan-Axel Zagadou,defender,-15.204895626242545,212.8421052631579,90.0,1710.0,0.863157894736842,0.6842105263157895,35.578947368421055,4.078947368421052,19.07894736842105,22.031578947368423,41.88947368421052,8.0,,,81.4,,93.1,89.2,94.1,79.4,89.0,94.1,12.0,7.416666666666667,40.0,49.0," Hidden Gem (Elite Performance, Low Price)"
112528,51.2,414.0,377.5,136.0,160.0,124.4,373.5,55.0,2655,28,Farès Chaïbi,forward,12.339464627151052,94.82142857142857,90.0,2520.0,1.8285714285714285,14.785714285714286,13.482142857142856,4.857142857142858,5.7142857142857135,4.442857142857143,13.339285714285714,1.9642857142857142,33.0,97.9,84.2,75.1,,,,,63.4,67.1,18.0,3.522222222222222,60.0,3.3999999999999986, Standard
26784,35.5,72.0,569.0,155.0,194.0,220.2,757.6,99.0,3195,20,Josip Stanisic,midfielder,-0.5581789638932497,159.75,90.0,1800.0,1.775,3.6,28.45,7.75,9.7,11.01,37.88,4.95,74.6,55.7,91.3,97.6,60.3,82.7,92.8,,79.1,90.9,28.0,2.8249999999999997,93.33333333333333,-14.233333333333334," Fair Value (Good Performance, Fair Price)"
6636,28.8,48.0,744.0,112.0,678.5,724.6,669.4,122.5,4753,33,Bernardo,midfielder,-7.931401789518534,144.03030303030303,90.0,2970.0,0.8727272727272727,1.4545454545454546,22.545454545454547,3.3939393939393936,20.560606060606062,21.957575757575757,20.284848484848485,3.712121212121212,43.0,19.6,82.7,59.8,98.5,99.0,69.8,,67.1,74.4,7.0,9.585714285714285,23.333333333333332,43.766666666666666, Standard
1415,35.9,220.0,179.5,46.0,173.0,123.0,279.7,38.0,1597,24,Tobias Kempe,midfielder,5.0592096876991715,66.54166666666667,90.0,2160.0,1.4958333333333331,9.166666666666666,7.479166666666667,1.9166666666666665,7.208333333333333,5.125,11.654166666666667,1.5833333333333335,67.4,92.3,21.5,24.6,36.3,27.7,33.5,,42.6,36.3,0.4,106.5,1.3333333333333335,41.266666666666666, Standard
117429,14.600000000000001,0.0,40.5,6.0,26.5,19.9,45.0,11.5,245,6,Skelly Alvero,midfielder,-1.5270833333333336,40.833333333333336,90.0,540.0,2.4333333333333336,0.0,6.75,1.0,4.416666666666667,3.3166666666666664,7.5,1.9166666666666665,85.6,0.7,17.2,5.0,17.2,12.9,15.3,,15.6,8.1,,,,, Standard
1017,28.900000000000002,0.0,27.5,18.0,11.5,11.2,45.9,4.5,287,8,Timo Werner,forward,14.229787234042554,35.875,90.0,720.0,3.6125000000000003,0.0,3.4375000000000004,2.25,1.4375,1.4,5.7375,0.5625,70.6,2.3,13.7,30.2,,,,,39.2,34.1,17.0,2.3058823529411767,56.666666666666664,-17.46666666666666, Standard
1613,12.4,46.0,242.5,66.0,141.0,112.0,284.4,54.0,1666,23,Aïssa Laïdouni,midfielder,2.037637028014616,72.43478260869566,90.0,2070.0,0.5391304347826087,2.0,10.543478260869566,2.869565217391304,6.130434782608695,4.869565217391305,12.365217391304347,2.3478260869565215,32.0,31.1,38.3,50.2,28.7,25.3,37.8,,35.6,29.9,6.0,5.933333333333334,20.0,15.600000000000001, Standard
27388,13.0,30.0,31.5,35.0,38.0,34.1,30.6,0.0,423,21,Jessic Ngankam,forward,13.55959595959596,20.142857142857142,51.79591836734694,1087.7142857142858,1.0756501182033096,2.482269503546099,2.606382978723404,2.8959810874704486,3.144208037825059,2.821513002364066,2.5319148936170213,0.0,18.2,18.2,4.6,45.5,,,,,23.0,12.5,,,,, Standard
29372,203.7,146.0,247.5,130.5,191.5,144.9,252.5,3.5,2288,33,Ermedin Demirovic,forward,13.554947560419517,69.33333333333333,90.0,2970.0,6.172727272727273,4.424242424242424,7.5,3.9545454545454546,5.803030303030304,4.390909090909091,7.651515151515151,0.10606060606060605,89.9,60.3,58.0,61.4,,,,,73.7,80.8,28.0,2.632142857142857,93.33333333333333,-19.633333333333326," Fair Value (Good Performance, Fair Price)"
1250,21.9,52.0,1103.5,195.5,447.0,502.3,1028.1,231.0,4987,30,Florian Grillitsch,midfielder,-9.782953399233406,166.23333333333332,90.0,2700.0,0.73,1.7333333333333334,36.78333333333333,6.516666666666667,14.9,16.743333333333332,34.269999999999996,7.699999999999999,38.3,24.9,95.7,92.8,91.3,98.0,89.4,,76.9,88.5,6.5,11.830769230769231,21.666666666666668,55.233333333333334," Great Value (High Performance, Reasonable Price)"
1014,2.3,46.0,130.5,24.0,256.5,235.8,239.2,26.0,1430,20,Rani Khedira,midfielder,-6.280703012912483,71.5,90.0,1800.0,0.11499999999999999,2.3000000000000003,6.5249999999999995,1.2000000000000002,12.825,11.790000000000001,11.96,1.3,8.1,37.8,16.3,7.7,82.3,85.6,35.4,,35.6,29.9,5.0,7.12,16.666666666666664,18.933333333333337, Standard
29532,68.8,91.0,236.5,109.5,134.5,101.8,270.7,23.5,1726,32,Christoph Baumgartner,midfielder,7.70136660724896,53.9375,90.0,2880.0,2.15,2.84375,7.390625,3.4218749999999996,4.203125,3.1812500000000004,8.459375,0.734375,81.8,45.4,20.1,60.7,15.8,12.0,20.1,,31.3,22.5,18.0,1.738888888888889,60.0,-28.7, Standard
15621,1.7999999999999998,82.0,60.5,10.5,43.0,45.1,109.4,7.0,587,13,Philipp Förster,midfielder,9.783074265975822,45.15384615384615,90.0,1170.0,0.13846153846153844,6.3076923076923075,4.653846153846153,0.8076923076923076,3.307692307692308,3.4692307692307693,8.415384615384616,0.5384615384615385,9.6,82.7,9.1,2.9,8.6,13.9,19.6,,25.0,18.2,,,,, Standard
49344,13.299999999999999,135.0,535.5,105.0,314.0,315.8,596.7,65.0,3617,30,Luca Netz,midfielder,-2.522039106145251,120.56666666666666,90.0,2700.0,0.4433333333333333,4.5,17.85,3.5,10.466666666666667,10.526666666666667,19.890000000000004,2.1666666666666665,26.8,68.2,71.3,62.9,65.0,78.9,67.9,,66.5,72.2,10.0,6.65,33.33333333333333,33.16666666666667, Standard
52945,41.9,126.0,444.0,113.5,275.0,237.7,376.1,56.0,2657,29,Niels Nkounkou,midfielder,-2.2064503816793892,91.62068965517241,90.0,2610.0,1.4448275862068964,4.344827586206897,15.310344827586206,3.913793103448276,9.482758620689655,8.19655172413793,12.96896551724138,1.9310344827586206,66.5,66.0,57.9,68.4,57.9,58.8,39.7,,58.3,60.3,7.5,7.7733333333333325,25.0,33.3, Standard
26762,64.0,115.0,248.5,133.5,123.5,83.8,185.6,18.5,1824,28,Benedict Hollerbach,forward,11.625593220338983,65.14285714285714,90.0,2520.0,2.2857142857142856,4.107142857142857,8.875,4.767857142857142,4.410714285714286,2.9928571428571424,6.628571428571428,0.6607142857142857,46.7,58.0,68.3,74.0,,,,,56.6,58.0,5.0,11.32,16.666666666666664,39.93333333333334, Standard
118919,7.5,32.0,417.0,110.5,272.5,178.5,517.8,75.0,2527,26,Denis Huseinbasic,midfielder,-0.9545345104333868,97.1923076923077,90.0,2340.0,0.28846153846153844,1.2307692307692308,16.03846153846154,4.25,10.480769230769232,6.865384615384616,19.915384615384614,2.884615384615384,19.1,13.4,62.2,74.8,65.5,44.0,68.4,,52.1,48.8,5.0,10.42,16.666666666666664,35.43333333333334, Standard
23157,2.6,33.0,318.0,61.5,202.5,181.7,296.9,41.0,1570,19,Christian Groß,defender,-10.725741935483873,82.63157894736842,90.0,1710.0,0.1368421052631579,1.736842105263158,16.736842105263158,3.236842105263158,10.657894736842104,9.563157894736841,15.626315789473685,2.1578947368421053,,,17.6,,42.1,29.4,36.3,9.8,31.2,28.4,,,,, Standard
104321,0.6,0.0,165.5,25.5,92.5,111.0,208.1,24.5,1054,8,Tim Drexler,defender,-13.362249761677788,131.75,90.0,720.0,0.075,0.0,20.6875,3.1875,11.562499999999998,13.875,26.0125,3.0624999999999996,,,31.4,,46.1,47.0,69.6,22.5,44.6,48.0,6.0,7.433333333333334,20.0,24.6, Standard
46337,81.7,175.0,515.0,123.0,228.5,169.2,988.2,86.0,4378,31,Enzo Millot,midfielder,6.935807050092764,141.2258064516129,90.0,2790.0,2.6354838709677417,5.64516129032258,16.612903225806452,3.9677419354838706,7.370967741935484,5.458064516129031,31.877419354838707,2.774193548387097,88.0,78.4,67.0,68.9,37.8,29.7,88.0,,67.4,75.1,30.0,2.246666666666667,95.0,-27.599999999999994,"  Overpriced (Expensive, Low Performance)"
1235,7.0,43.0,794.0,84.0,274.5,372.9,787.1,132.5,4121,19,Willi Orbán,defender,-14.438425925925927,216.89473684210526,90.0,1710.0,0.368421052631579,2.263157894736842,41.78947368421053,4.421052631578948,14.447368421052632,19.626315789473683,41.42631578947369,6.973684210526315,,,91.2,,67.6,78.4,92.1,71.6,78.2,87.2,10.0,7.82,33.33333333333333,44.866666666666674," Great Value (High Performance, Reasonable Price)"
103125,6.6,6.0,325.0,47.5,143.0,143.7,325.1,86.5,1753,14,Clemens Riedel,midfielder,-9.350775416427341,125.21428571428571,90.0,1260.0,0.4714285714285714,0.4285714285714286,23.214285714285715,3.392857142857143,10.214285714285714,10.264285714285712,23.22142857142857,6.178571428571429,28.2,2.4,85.1,59.3,64.1,75.6,76.5,,58.2,59.8,2.5,23.28,8.333333333333332,49.866666666666674, Standard
4245,0.0,10.0,174.5,40.5,84.0,113.8,149.1,25.5,927,11,Thomas Isherwood,defender,-19.247973713033957,84.27272727272727,90.0,990.0,0.0,0.9090909090909092,15.863636363636363,3.6818181818181817,7.636363636363637,10.345454545454544,13.554545454545455,2.3181818181818183,,,15.7,,29.4,31.4,28.4,12.7,26.3,18.1,,,,, Standard
10369,15.1,46.0,1150.0,184.0,680.5,760.8,957.7,174.0,5561,31,Timo Hübers,defender,-17.801922030825025,179.38709677419354,90.0,2790.0,0.4870967741935484,1.4838709677419355,37.096774193548384,5.935483870967742,21.951612903225808,24.541935483870965,30.893548387096775,5.612903225806451,,,85.3,,98.0,97.0,81.4,58.8,91.5,99.0,5.5,16.636363636363637,18.333333333333332,73.16666666666667," Hidden Gem (Elite Performance, Low Price)"
118657,18.7,86.0,481.0,120.5,340.5,260.3,352.7,62.0,2602,24,Max Finkgräfe,midfielder,-2.142929292929293,108.41666666666667,90.0,2160.0,0.7791666666666667,3.5833333333333335,20.041666666666668,5.020833333333333,14.1875,10.845833333333333,14.695833333333333,2.5833333333333335,39.7,54.5,78.4,84.7,87.0,81.3,46.9,,69.0,77.5,5.0,13.8,16.666666666666664,52.333333333333336, Standard
9447,27.900000000000002,62.0,870.5,117.5,514.0,531.1,716.3,140.0,4357,25,Maximilian Wöber,defender,-14.183657407407408,174.28,90.0,2250.0,1.116,2.48,34.82,4.7,20.560000000000002,21.244,28.652,5.6,,,77.4,,96.1,86.3,79.4,56.9,85.8,93.1,10.0,8.58,33.33333333333333,52.46666666666667," Hidden Gem (Elite Performance, Low Price)"
3998,45.9,32.0,54.5,40.5,42.0,29.400000000000002,58.4,2.0,617,13,Yorbe Vertessen,forward,12.22721202003339,47.46153846153846,90.0,1170.0,3.5307692307692307,2.4615384615384617,4.1923076923076925,3.1153846153846154,3.2307692307692304,2.261538461538462,4.492307692307692,0.15384615384615385,68.3,17.1,23.9,48.9,,,,,46.8,51.2,5.0,9.36,16.666666666666664,30.133333333333333, Standard
281,57.0,83.0,1621.5,232.5,397.0,333.3,2542.4,349.0,9375,33,Granit Xhaka,midfielder,2.500267809319764,284.09090909090907,90.0,2970.0,1.727272727272727,2.515151515151515,49.13636363636364,7.045454545454546,12.03030303030303,10.1,77.04242424242425,10.575757575757576,73.7,41.6,98.5,95.7,77.5,74.1,99.0,,81.3,93.7,20.0,4.0649999999999995,66.66666666666666,14.63333333333334, Standard
16142,41.3,43.0,439.5,89.0,306.0,323.8,537.0,87.5,2871,20,Ko Itakura,defender,-14.037354497354498,143.55,90.0,1800.0,2.065,2.15,21.975,4.45,15.3,16.19,26.85,4.375,,,38.2,,75.5,59.8,73.5,39.2,61.3,60.8,12.0,5.108333333333333,40.0,21.299999999999997, Standard
117827,3.5,26.0,122.5,21.5,107.0,124.7,95.6,15.0,775,16,Tim Oermann,midfielder,-4.547313237221494,48.4375,90.0,1440.0,0.21875,1.6249999999999998,7.65625,1.34375,6.6875,7.79375,5.975,0.9375,16.7,22.2,22.0,11.2,33.0,53.6,8.1,,21.8,14.3,,,,, Standard
8451,0.0,0.0,170.0,30.0,0.0,14.0,53.7,22.0,498,7,Jiri Pavlenka,defender,-43.54638554216867,71.14285714285714,90.0,630.0,0.0,0.0,24.285714285714285,4.285714285714286,0.0,2.0,7.671428571428572,3.142857142857143,,,47.0,,4.9,10.8,5.9,24.5,16.2,2.9,,,,, Standard
28715,0.0,26.0,145.5,14.0,208.0,116.2,224.3,36.0,1206,21,Nicolas Seiwald,midfielder,-8.43358458961474,57.42857142857143,90.0,1890.0,0.0,1.2380952380952381,6.928571428571429,0.6666666666666667,9.904761904761905,5.533333333333333,10.680952380952382,1.7142857142857144,0.7,13.9,18.7,1.9,61.7,30.1,28.7,,23.7,16.7,,,,, Standard
4539,0.0,0.0,55.0,7.0,79.5,109.3,83.2,20.0,505,7,Maxim Leitsch,defender,-18.38545816733068,72.14285714285714,90.0,630.0,0.0,0.0,7.857142857142857,1.0,11.357142857142858,15.614285714285712,11.885714285714286,2.8571428571428568,,,3.9,,45.1,56.9,22.5,17.6,36.8,32.3,2.0,18.4,6.666666666666667,30.13333333333333, Standard
309,46.9,182.0,277.0,110.0,87.0,67.4,427.0,36.5,2196,17,Kingsley Coman,forward,18.561481822365394,129.1764705882353,90.0,1530.0,2.7588235294117647,10.705882352941176,16.294117647058822,6.470588235294117,5.117647058823529,3.9647058823529417,25.11764705882353,2.1470588235294117,53.5,91.0,89.9,87.6,,,,,73.4,79.1,50.0,1.4680000000000002,95.0,-21.599999999999994," Fair Value (Good Performance, Fair Price)"
444,0.6,0.0,1049.0,159.0,8.5,56.0,276.8,146.5,3088,33,Frederik Rönnow,defender,-40.91651554404145,93.57575757575758,90.0,2970.0,0.01818181818181818,0.0,31.787878787878785,4.818181818181818,0.25757575757575757,1.6969696969696968,8.387878787878789,4.4393939393939394,,,65.7,,21.6,6.9,8.8,40.2,25.7,14.7,,,,, Standard
986,13.799999999999999,33.0,379.0,46.5,378.0,391.1,493.4,79.0,2916,26,Lukas Kübler,midfielder,-7.553742203742203,112.15384615384616,90.0,2340.0,0.5307692307692307,1.2692307692307692,14.576923076923078,1.7884615384615383,14.53846153846154,15.042307692307693,18.976923076923075,3.0384615384615383,31.1,15.8,53.8,20.1,88.5,95.2,64.1,,50.5,47.3,2.5,20.2,8.333333333333332,42.16666666666667, Standard
62650,5.8,113.0,514.5,85.5,351.0,340.5,515.2,102.5,3392,27,Kiliann Sildillia,midfielder,-6.4064064362336115,125.62962962962963,90.0,2430.0,0.2148148148148148,4.185185185185185,19.055555555555554,3.166666666666667,12.999999999999998,12.61111111111111,19.081481481481482,3.7962962962962967,16.3,63.6,76.0,56.4,83.7,89.0,64.6,,68.7,77.0,15.0,4.58,50.0,18.700000000000003, Standard
21094,11.7,30.0,915.0,136.5,603.5,724.9,859.4,147.0,4756,32,Jeff Chabot,defender,-19.381296335522137,148.625,90.0,2880.0,0.36562500000000003,0.9375,28.59375,4.265625,18.859375,22.653125,26.856250000000003,4.59375,,,58.8,,92.1,92.1,74.5,44.1,81.3,89.2,9.0,9.033333333333333,30.0,51.3," Great Value (High Performance, Reasonable Price)"
52319,10.6,0.0,173.0,19.5,79.5,122.5,177.8,42.0,964,11,Hrvoje Smolcic,defender,-18.75808133472367,87.63636363636364,90.0,990.0,0.9636363636363636,0.0,15.727272727272727,1.7727272727272725,7.2272727272727275,11.136363636363637,16.163636363636364,3.8181818181818183,,,14.7,,27.4,34.3,37.2,31.4,28.1,23.5,,,,, Standard
23324,0.0,3.0,344.0,36.0,2.5,14.0,136.7,81.5,917,8,Alexander Meyer,defender,-41.32093784078517,114.625,90.0,720.0,0.0,0.375,43.0,4.5,0.3125,1.75,17.0875,10.1875,,,92.1,,22.5,7.8,41.2,88.2,37.2,33.3,1.5,24.8,5.0,32.2, Standard
1029,0.0,0.0,90.5,25.0,28.5,39.4,102.7,10.0,544,7,Makoto Hasebe,defender,-12.165862708719851,77.71428571428571,90.0,630.0,0.0,0.0,12.928571428571427,3.571428571428571,4.071428571428571,5.628571428571428,14.671428571428573,1.4285714285714284,,,7.8,,25.5,25.5,32.8,4.9,21.7,10.8,,,,, Standard
1077,24.700000000000003,121.0,130.0,43.0,121.0,128.7,120.9,27.0,1120,15,Felix Passlack,midfielder,4.43076923076923,74.66666666666667,90.0,1350.0,1.646666666666667,8.066666666666666,8.666666666666666,2.8666666666666667,8.066666666666666,8.58,8.06,1.8,71.7,89.0,27.7,49.7,45.4,60.3,17.7,,47.1,42.1,3.0,15.700000000000001,10.0,37.1, Standard
49804,34.2,72.0,207.5,96.0,138.0,91.3,252.1,44.5,1756,30,Nick Woltemade,midfielder,8.201515151515151,58.53333333333333,90.0,2700.0,1.1400000000000001,2.4000000000000004,6.916666666666667,3.2,4.6000000000000005,3.043333333333333,8.403333333333332,1.4833333333333334,54.5,39.7,18.2,57.4,18.2,11.0,19.1,,28.0,19.6,,,,, Standard
6602,29.2,152.0,320.5,120.5,47.5,55.1,335.5,21.0,1662,14,Jadon Sancho,forward,13.621931956257594,118.71428571428571,90.0,1260.0,2.085714285714286,10.857142857142858,22.892857142857142,8.607142857142856,3.392857142857143,3.935714285714286,23.964285714285715,1.5,38.7,92.2,96.7,93.3,,,,,68.6,76.2,30.0,2.2866666666666666,95.0,-26.400000000000006,"  Overpriced (Expensive, Low Performance)"
19670,6.8999999999999995,0.0,32.5,17.5,38.5,25.5,75.9,0.5,419,14,Eljif Elmas,midfielder,9.256416464891041,29.928571428571427,76.95918367346938,1077.4285714285713,0.5763723150357996,0.0,2.7147971360381864,1.4618138424821003,3.2159904534606207,2.1300715990453463,6.340095465393795,0.041766109785202864,33.5,0.7,2.9,13.4,7.2,2.9,10.0,,6.7,1.0,,,,, Standard
76896,36.5,10.0,88.0,54.0,53.5,37.8,75.7,14.5,780,12,David Datro Fofana,forward,14.637598944591028,65.0,90.0,1080.0,3.0416666666666665,0.8333333333333333,7.333333333333334,4.5,4.458333333333334,3.1499999999999995,6.308333333333334,1.2083333333333333,60.3,5.7,56.9,66.6,,,,,45.0,45.5,12.0,3.75,40.0,5.0, Standard
21100,17.0,40.0,233.0,51.0,182.5,169.2,242.5,32.5,1492,24,Alex Král,midfielder,-1.20625,62.166666666666664,90.0,2160.0,0.7083333333333333,1.6666666666666665,9.708333333333332,2.125,7.604166666666667,7.049999999999999,10.104166666666666,1.3541666666666665,36.3,23.7,31.6,28.0,40.7,46.4,27.3,,31.4,23.2,5.0,6.279999999999999,16.666666666666664,14.733333333333334, Standard
7873,11.1,88.0,1128.5,242.5,451.0,325.6,1226.1,164.0,5437,29,Xaver Schlager,midfielder,-1.3063403781979976,187.48275862068965,90.0,2610.0,0.3827586206896552,3.0344827586206895,38.91379310344828,8.362068965517242,15.551724137931036,11.227586206896552,42.27931034482758,5.655172413793103,24.9,46.9,98.0,98.5,93.3,84.2,96.1,,82.5,95.7,28.0,2.9464285714285716,93.33333333333333,-10.833333333333329," Fair Value (Good Performance, Fair Price)"
38637,2.1,3.0,589.0,91.5,307.0,393.4,547.6,66.5,3240,22,Moritz Jenz,defender,-18.084102244389026,147.27272727272728,90.0,1980.0,0.09545454545454546,0.13636363636363635,26.77272727272727,4.159090909090909,13.954545454545455,17.88181818181818,24.89090909090909,3.022727272727273,,,54.9,,65.7,71.6,67.6,21.6,63.3,63.7,7.0,9.042857142857143,23.333333333333332,39.96666666666667, Standard
2404,105.5,65.0,174.0,97.5,86.0,73.7,185.3,31.0,1587,21,Jonathan Burkardt,forward,11.66298449612403,75.57142857142857,90.0,1890.0,5.023809523809524,3.095238095238095,8.285714285714286,4.642857142857142,4.095238095238095,3.50952380952381,8.823809523809524,1.476190476190476,81.9,33.0,62.6,71.7,,,,,64.2,69.4,15.0,4.28,50.0,14.200000000000003, Standard
6175,9.3,39.0,896.0,96.0,496.0,670.5,784.7,151.5,4833,32,Diogo Leite,defender,-14.390599540421977,151.03125,90.0,2880.0,0.290625,1.21875,28.0,3.0,15.5,20.953125,24.521875,4.734375,,,57.8,,76.9,83.3,66.7,46.1,72.4,78.4,12.0,6.033333333333334,40.0,32.400000000000006, Standard
67486,45.0,182.0,696.5,164.0,736.5,510.2,776.1,101.0,4481,33,Anton Stach,midfielder,-1.3226555455365194,135.78787878787878,90.0,2970.0,1.3636363636363638,5.515151515151516,21.106060606060606,4.96969696969697,22.318181818181817,15.460606060606061,23.51818181818182,3.0606060606060606,62.7,77.5,79.9,84.2,99.0,96.6,78.0,,82.4,95.2,15.0,5.493333333333334,50.0,32.400000000000006," Great Value (High Performance, Reasonable Price)"
45493,66.1,82.0,72.0,47.5,89.5,92.9,155.2,10.5,1263,26,Jordan,midfielder,6.923397169025812,48.57692307692308,90.0,2340.0,2.542307692307692,3.1538461538461537,2.769230769230769,1.826923076923077,3.4423076923076925,3.5730769230769233,5.9692307692307685,0.4038461538461538,86.6,47.8,3.3,21.5,9.6,16.7,7.7,,20.5,12.2,,,,, Standard
1359,17.4,15.0,1483.0,275.0,521.0,677.1,1616.6,194.0,7802,33,Waldemar Anton,defender,-12.975861625514403,236.42424242424244,90.0,2970.0,0.5272727272727272,0.4545454545454546,44.93939393939394,8.333333333333332,15.787878787878787,20.51818181818182,48.987878787878785,5.878787878787879,,,93.1,,78.4,81.4,98.0,62.7,83.4,90.7,20.0,4.17,66.66666666666666,16.73333333333335, Standard
9293,0.8999999999999999,73.0,217.0,33.0,118.0,136.2,236.3,34.5,1398,15,Stefan Lainer,midfielder,-5.7190166305133765,93.2,90.0,1350.0,0.06,4.866666666666666,14.466666666666667,2.2,7.866666666666666,9.079999999999998,15.753333333333334,2.3000000000000003,5.5,73.2,52.6,30.6,43.5,67.0,52.6,,51.5,47.8,1.5,34.333333333333336,5.0,46.5, Standard
51600,23.9,164.0,376.5,91.0,181.0,152.8,517.0,58.0,2550,21,Fabian Nürnberger,midfielder,0.8860714285714286,121.42857142857143,90.0,1890.0,1.138095238095238,7.80952380952381,17.928571428571427,4.333333333333333,8.619047619047619,7.276190476190476,24.619047619047617,2.761904761904762,54.0,87.5,71.7,75.8,48.8,49.7,79.4,,71.0,81.5,2.5,28.4,8.333333333333332,62.66666666666667, Standard
10456,0.6,10.0,384.0,53.5,232.0,221.5,389.7,49.5,2199,17,Kevin Akpoguma,defender,-11.305728689275893,129.35294117647058,90.0,1530.0,0.03529411764705882,0.5882352941176471,22.588235294117645,3.1470588235294117,13.647058823529411,13.029411764705884,22.923529411764704,2.9117647058823533,,,40.2,,62.7,40.2,62.7,18.6,49.2,54.9,3.0,16.400000000000002,10.0,39.2, Standard
204,131.7,372.0,589.0,272.0,135.0,99.9,689.3,88.5,3716,27,Leroy Sané,forward,16.257618787547788,137.62962962962962,90.0,2430.0,4.877777777777777,13.777777777777779,21.814814814814817,10.074074074074074,5.0,3.7,25.52962962962963,3.2777777777777777,79.7,96.7,94.4,99.0,,,,,89.4,96.7,70.0,1.2771428571428571,95.0,-5.599999999999994, Elite (Expensive but Worth It)
21335,29.3,230.0,186.5,54.0,177.0,122.9,154.6,20.5,1539,22,Fredrik Jensen,forward,11.356362425049968,69.95454545454545,90.0,1980.0,1.3318181818181818,10.454545454545455,8.477272727272727,2.4545454545454546,8.045454545454547,5.586363636363637,7.027272727272727,0.9318181818181819,23.9,89.9,64.9,37.6,,,,,48.5,53.5,3.5,13.857142857142858,11.666666666666666,36.833333333333336, Standard
1161,10.3,23.0,75.0,12.0,42.0,33.5,151.4,30.0,677,12,Mahmoud Dahoud,midfielder,2.0260740740740744,56.416666666666664,90.0,1080.0,0.8583333333333334,1.9166666666666665,6.25,1.0,3.5,2.7916666666666665,12.616666666666667,2.5,42.1,28.9,14.8,5.0,10.5,6.7,38.3,,20.5,12.2,,,,, Standard
62486,4.6,121.0,705.0,166.5,379.0,344.8,499.1,82.5,3542,31,Omar Traoré,midfielder,-1.6316390633923472,114.25806451612904,90.0,2790.0,0.14838709677419354,3.903225806451613,22.741935483870968,5.370967741935484,12.225806451612904,11.12258064516129,16.1,2.6612903225806455,11.0,59.8,83.2,87.3,79.4,83.2,55.0,,70.5,79.4,3.0,23.5,10.0,60.5, Standard
23160,0.3,40.0,45.0,13.0,16.5,16.8,39.0,5.5,244,9,Florent Muslija,midfielder,4.627272727272727,27.11111111111111,69.71428571428571,627.4285714285713,0.04303278688524591,5.7377049180327875,6.454918032786886,1.864754098360656,2.366803278688525,2.4098360655737707,5.594262295081967,0.7889344262295084,2.9,79.4,15.8,22.5,2.4,4.8,5.7,,24.5,17.7,,,,, Standard
10126,32.4,49.0,61.5,25.0,32.5,29.4,59.8,9.5,629,22,Sven Michel,forward,13.851650165016503,28.59090909090909,73.51948051948052,1617.4285714285716,1.8028616852146262,2.726550079491256,3.4220985691573924,1.3910969793322734,1.8084260731319555,1.6359300476947534,3.327503974562798,0.5286168521462639,31.9,26.2,12.5,9.1,,,,,24.7,17.6,,,,, Standard
28193,2.9,10.0,54.0,11.5,51.5,32.1,46.7,6.0,316,10,Merveille Papela,midfielder,2.2308441558441556,31.6,81.25714285714287,812.5714285714287,0.32120253164556956,1.1075949367088604,5.981012658227847,1.2737341772151898,5.704113924050632,3.5553797468354427,5.1724683544303796,0.6645569620253163,22.0,11.0,12.9,8.6,25.3,15.8,4.3,,13.3,5.3,,,,, Standard
30315,64.7,140.0,148.5,55.5,100.0,60.3,275.2,13.5,1475,23,Amine Adli,forward,14.576784476784477,64.1304347826087,90.0,2070.0,2.81304347826087,6.08695652173913,6.456521739130435,2.4130434782608696,4.3478260869565215,2.6217391304347823,11.965217391304348,0.5869565217391304,55.8,74.0,48.9,36.4,,,,,57.0,59.2,30.0,1.9,95.0,-38.0,"  Overpriced (Expensive, Low Performance)"
10035,25.3,32.0,904.5,132.0,562.5,736.9,834.2,167.0,5239,33,Felix Uduokhai,defender,-15.869004611837049,158.75757575757575,90.0,2970.0,0.7666666666666667,0.9696969696969697,27.40909090909091,4.0,17.045454545454547,22.33030303030303,25.27878787878788,5.0606060606060606,,,55.9,,86.3,90.2,68.6,51.0,77.9,85.3,8.0,9.7375,26.666666666666668,51.233333333333334," Great Value (High Performance, Reasonable Price)"
1019,23.5,0.0,507.0,57.5,347.5,443.2,434.8,121.5,2618,21,John Brooks,defender,-17.744315992292872,124.66666666666667,90.0,1890.0,1.119047619047619,0.0,24.142857142857142,2.738095238095238,16.547619047619047,21.104761904761904,20.704761904761906,5.785714285714285,,,46.1,,81.4,84.3,56.9,61.8,71.8,76.5,1.5,47.86666666666667,5.0,66.8, Standard
5835,63.0,86.0,145.0,53.0,80.5,60.6,198.0,13.5,1263,24,Nathan Tella,forward,15.315938511326861,52.625,90.0,2160.0,2.625,3.5833333333333335,6.041666666666667,2.2083333333333335,3.354166666666667,2.525,8.25,0.5625,52.3,45.5,43.2,25.0,,,,,44.3,43.8,23.0,1.9260869565217391,76.66666666666666,-32.36666666666666, Standard
68285,10.3,30.0,175.0,24.0,117.0,142.0,187.2,26.0,1127,10,Julián Malatini,defender,-12.999102333931777,112.7,90.0,900.0,1.03,3.0,17.5,2.4000000000000004,11.700000000000001,14.2,18.72,2.6,,,20.6,,47.0,51.0,50.0,14.7,41.6,43.1,4.0,10.4,13.333333333333334,28.266666666666666, Standard
103995,24.7,62.0,483.0,70.5,212.5,133.6,693.3,135.5,2838,19,Aleksandar Pavlovic,midfielder,-0.3145907473309606,149.3684210526316,90.0,1710.0,1.3,3.263157894736842,25.421052631578945,3.710526315789474,11.18421052631579,7.031578947368421,36.48947368421052,7.131578947368421,60.7,50.2,88.0,65.0,71.3,45.4,91.8,,72.7,83.7,30.0,2.4233333333333333,95.0,-22.299999999999997," Fair Value (Good Performance, Fair Price)"
22955,39.1,63.0,90.5,42.5,76.0,47.1,86.0,4.0,835,19,Sargis Adamyan,forward,11.612079701120797,43.94736842105263,90.0,1710.0,2.057894736842105,3.31578947368421,4.7631578947368425,2.236842105263158,4.0,2.4789473684210526,4.526315789473684,0.2105263157894737,37.6,42.1,28.4,28.4,,,,,36.7,29.6,1.0,36.7,3.3333333333333335,33.36666666666667, Standard
930,13.200000000000001,9.0,16.5,7.0,33.0,15.3,67.3,3.5,398,17,Maximilian Philipp,midfielder,9.144300518134715,23.41176470588235,60.20168067226891,1023.4285714285714,1.1608040201005025,0.7914572864321608,1.4510050251256281,0.6155778894472362,2.9020100502512562,1.3454773869346734,5.918341708542714,0.3077889447236181,56.0,6.7,0.5,1.4,5.7,0.5,7.2,,6.4,0.5,,,,, Standard
231,442.5,156.0,341.5,159.0,107.0,83.10000000000001,349.8,109.0,2632,32,Harry Kane,forward,15.252045188936501,82.25,90.0,2880.0,13.828125,4.875,10.671875,4.96875,3.34375,2.5968750000000003,10.93125,3.4062499999999996,99.0,64.9,78.5,77.4,,,,,83.4,92.2,100.0,0.8340000000000001,95.0,-11.599999999999994," Fair Value (Good Performance, Fair Price)"
9550,159.3,181.0,153.0,82.0,81.5,122.7,297.5,35.5,2244,31,Niclas Füllkrug,forward,10.935323840146992,72.38709677419355,90.0,2790.0,5.138709677419355,5.838709677419354,4.935483870967742,2.6451612903225805,2.629032258064516,3.958064516129032,9.596774193548386,1.1451612903225805,83.1,72.8,30.7,44.4,,,,,69.6,77.4,15.0,4.64,50.0,19.599999999999994, Standard
1320,32.4,62.0,594.0,152.0,498.0,343.0,816.4,68.0,4015,33,Maximilian Eggestein,midfielder,-0.8708207452165158,121.66666666666667,90.0,2970.0,0.9818181818181817,1.878787878787879,18.0,4.6060606060606055,15.09090909090909,10.393939393939394,24.739393939393942,2.0606060606060606,48.3,27.3,72.2,78.7,92.3,77.5,79.9,,67.1,74.4,8.0,8.3875,26.666666666666668,40.43333333333332, Standard
29367,10.600000000000001,0.0,214.5,14.0,163.0,257.2,202.3,52.0,1368,15,Andreas Hanche-Olsen,defender,-17.384187082405344,91.2,90.0,1350.0,0.7066666666666668,0.0,14.299999999999999,0.9333333333333333,10.866666666666667,17.146666666666665,13.486666666666666,3.466666666666667,,,11.8,,44.1,67.6,27.4,29.4,42.3,44.1,4.0,10.575,13.333333333333334,28.96666666666666, Standard
66772,194.9,74.0,211.5,164.0,69.5,46.800000000000004,202.3,15.5,1694,23,Victor Boniface,forward,17.230269607843137,73.65217391304348,90.0,2070.0,8.47391304347826,3.217391304347826,9.195652173913045,7.130434782608696,3.0217391304347827,2.0347826086956524,8.795652173913044,0.6739130434782609,94.4,35.3,72.8,91.0,,,,,74.9,81.9,40.0,1.8725,95.0,-20.099999999999994," Fair Value (Good Performance, Fair Price)"
664,63.4,301.0,496.0,95.0,250.0,208.0,510.3,86.5,3257,33,Florian Kainz,midfielder,6.5590965732087225,98.6969696969697,90.0,2970.0,1.9212121212121211,9.121212121212121,15.030303030303031,2.878787878787879,7.575757575757576,6.303030303030303,15.463636363636363,2.6212121212121215,77.5,91.8,56.9,50.7,39.7,39.7,49.7,,59.8,64.1,2.5,23.919999999999998,8.333333333333332,51.46666666666667, Standard
27123,21.1,226.0,1213.0,129.0,473.5,345.5,1871.5,248.0,7310,32,Angelo Stiller,midfielder,-0.2816893657999724,228.4375,90.0,2880.0,0.659375,7.0625,37.90625,4.03125,14.796875,10.796875,58.484375,7.75,35.9,85.1,97.1,71.3,90.4,80.8,98.0,,87.4,98.0,28.0,3.1214285714285714,93.33333333333333,-5.933333333333323," Fair Value (Good Performance, Fair Price)"
994,0.3,3.0,84.0,7.0,131.5,93.2,105.7,16.0,603,11,Josuha Guilavogui,defender,-19.637878787878787,54.81818181818182,90.0,990.0,0.02727272727272727,0.2727272727272727,7.636363636363637,0.6363636363636364,11.954545454545453,8.472727272727274,9.60909090909091,1.4545454545454546,,,2.9,,51.0,27.4,13.7,5.9,28.3,24.5,,,,, Standard
13599,52.4,144.0,469.5,82.0,400.5,313.8,603.9,81.0,3229,30,Jens Stage,midfielder,-3.7246134427264117,107.63333333333334,90.0,2700.0,1.7466666666666668,4.800000000000001,15.65,2.7333333333333334,13.350000000000001,10.46,20.13,2.6999999999999997,74.1,72.2,60.3,47.8,85.6,78.4,68.9,,68.1,76.3,7.0,9.728571428571428,23.333333333333332,44.766666666666666, Standard
49782,213.20000000000002,176.0,189.5,152.0,117.0,90.3,251.5,9.0,2182,33,Maximilian Beier,forward,16.817354196301565,66.12121212121212,90.0,2970.0,6.460606060606061,5.333333333333334,5.742424242424243,4.6060606060606055,3.545454545454545,2.7363636363636363,7.621212121212121,0.2727272727272727,91.0,70.6,41.0,70.6,,,,,78.3,84.2,30.0,2.61,95.0,-16.700000000000003," Fair Value (Good Performance, Fair Price)"
49828,50.9,105.0,142.0,56.0,95.5,119.3,192.8,14.5,1446,23,Luca Pfeiffer,midfielder,8.181766381766382,62.869565217391305,90.0,2070.0,2.2130434782608694,4.565217391304348,6.173913043478262,2.4347826086956523,4.1521739130434785,5.1869565217391305,8.382608695652175,0.6304347826086957,82.7,69.3,13.9,38.0,15.3,28.7,18.7,,32.5,26.3,1.5,21.666666666666668,5.0,27.5, Standard
32401,55.800000000000004,42.0,56.0,41.5,28.5,36.1,77.3,11.5,552,20,Youssoufa Moukoko,forward,12.84188679245283,27.6,70.97142857142858,1419.4285714285716,3.5380434782608696,2.663043478260869,3.5507246376811588,2.6313405797101446,1.8070652173913042,2.288949275362319,4.901268115942028,0.7291666666666666,69.4,23.9,14.8,43.2,,,,,47.8,52.3,22.0,2.1727272727272724,73.33333333333333,-25.53333333333333, Standard
10254,0.0,3.0,1043.5,118.5,5.5,54.6,352.1,365.5,3282,34,Kevin Müller,defender,-40.90240780249923,96.52941176470588,90.0,3060.0,0.0,0.08823529411764705,30.691176470588236,3.485294117647059,0.16176470588235292,1.6058823529411765,10.355882352941178,10.75,,,64.7,,16.7,4.9,17.6,90.2,26.5,19.6,,,,, Standard
8367,30.3,52.0,285.5,48.5,277.5,248.7,391.7,65.5,2346,25,Elvis Rexhbecaj,midfielder,1.1559065339679793,93.84,90.0,2250.0,1.212,2.08,11.42,1.9400000000000002,11.1,9.948,15.668,2.62,58.3,33.5,40.7,25.3,70.3,71.7,51.7,,46.2,39.2,4.0,11.55,13.333333333333334,32.86666666666667, Standard
2,194.5,477.0,514.0,188.0,156.0,147.8,649.7,74.5,3320,30,Andrej Kramaric,forward,10.855582672361196,110.66666666666667,90.0,2700.0,6.483333333333333,15.9,17.133333333333333,6.266666666666667,5.2,4.926666666666667,21.656666666666666,2.4833333333333334,92.2,99.0,92.2,84.2,,,,,92.6,99.0,6.0,15.433333333333332,20.0,72.6," Hidden Gem (Elite Performance, Low Price)"
1294,110.1,298.0,502.5,142.5,201.5,197.4,636.1,110.5,3767,32,Vincenzo Grifo,midfielder,7.361501210653754,117.71875,90.0,2880.0,3.4406249999999994,9.3125,15.703125,4.453125,6.296875,6.16875,19.878125,3.453125,94.7,92.8,60.7,77.0,30.1,37.3,67.4,,65.7,71.3,9.0,7.300000000000001,30.0,35.7, Standard
1481,105.0,709.0,1020.5,188.0,392.0,343.9,799.8,195.0,5355,32,Kevin Stöger,midfielder,8.09033597583994,167.34375,90.0,2880.0,3.28125,22.15625,31.890625,5.875,12.249999999999998,10.746875,24.99375,6.09375,94.2,99.0,93.7,91.3,79.9,80.3,80.8,,89.9,99.0,5.0,17.98,16.666666666666664,73.23333333333335," Hidden Gem (Elite Performance, Low Price)"
862,70.2,203.0,253.5,117.0,135.5,113.1,304.5,22.5,2199,27,Roland Sallai,midfielder,9.747793427230047,81.44444444444444,90.0,2430.0,2.6,7.518518518518518,9.38888888888889,4.333333333333333,5.018518518518518,4.188888888888889,11.277777777777777,0.8333333333333333,87.5,87.0,30.1,75.8,20.6,22.0,31.1,,47.2,42.6,15.0,3.146666666666667,50.0,-2.799999999999997, Standard
441,39.0,238.0,491.0,99.5,269.0,276.4,474.2,37.5,3386,29,Pavel Kaderabek,midfielder,3.9831792424694306,116.75862068965517,90.0,2610.0,1.3448275862068966,8.206896551724139,16.93103448275862,3.4310344827586206,9.275862068965518,9.53103448275862,16.351724137931033,1.293103448275862,61.7,89.4,68.9,61.7,56.0,69.8,56.0,,68.1,76.3,2.0,34.05,6.666666666666667,61.43333333333333, Standard
5559,3.2,46.0,208.5,36.5,160.5,138.7,186.2,51.0,1364,21,Cristian Gamboa,midfielder,-3.853234200743494,64.95238095238095,90.0,1890.0,0.1523809523809524,2.1904761904761907,9.928571428571429,1.7380952380952381,7.642857142857143,6.6047619047619035,8.866666666666667,2.428571428571429,12.0,34.9,34.0,19.6,41.1,41.6,23.0,,31.4,23.2,0.4,78.49999999999999,1.3333333333333335,30.066666666666666, Standard
1303,34.6,216.0,765.0,123.5,429.5,331.5,913.4,122.5,4856,33,Benjamin Henrichs,midfielder,0.7166389696717906,147.15151515151516,90.0,2970.0,1.0484848484848486,6.545454545454545,23.18181818181818,3.742424242424242,13.015151515151516,10.045454545454545,27.67878787878788,3.712121212121212,51.7,83.2,84.7,66.0,84.2,72.7,82.7,,79.9,92.3,20.0,3.995,66.66666666666666,13.233333333333348, Standard
1333,42.3,268.0,667.5,65.0,401.5,345.0,897.0,253.0,4387,30,Maximilian Arnold,midfielder,-2.2259779107225035,146.23333333333332,90.0,2700.0,1.41,8.933333333333334,22.25,2.1666666666666665,13.383333333333333,11.5,29.9,8.433333333333334,63.6,91.3,82.3,29.9,86.1,85.1,85.1,,79.1,90.9,8.0,9.8875,26.666666666666668,52.43333333333332," Great Value (High Performance, Reasonable Price)"
33309,36.9,170.0,862.5,131.0,383.0,407.3,675.7,215.5,4260,31,Anthony Caci,midfielder,-4.444897959183673,137.41935483870967,90.0,2790.0,1.1903225806451612,5.483870967741935,27.822580645161292,4.225806451612903,12.35483870967742,13.138709677419355,21.796774193548387,6.951612903225807,57.4,77.0,90.9,74.1,80.3,91.8,73.7,,80.6,92.8,6.0,13.433333333333332,20.0,60.599999999999994," Great Value (High Performance, Reasonable Price)"
1030,0.0,0.0,691.5,52.5,3.0,73.0,251.8,160.0,2038,33,Lukas Hradecky,defender,-42.001030421982335,61.75757575757576,90.0,2970.0,0.0,0.0,20.954545454545453,1.5909090909090908,0.09090909090909091,2.212121212121212,7.630303030303031,4.848484848484849,,,33.3,,10.8,13.7,4.9,47.0,17.4,5.9,,,,, Standard
73465,44.0,105.0,167.5,66.0,175.5,112.1,211.8,25.0,1583,31,Marvin Pieringer,midfielder,6.1283267457180495,51.064516129032256,90.0,2790.0,1.4193548387096775,3.3870967741935485,5.403225806451613,2.129032258064516,5.661290322580645,3.6161290322580646,6.832258064516129,0.8064516129032258,65.0,52.6,12.0,28.9,24.9,17.2,12.4,,26.7,18.7,,,,, Standard
53653,27.0,36.0,71.5,34.5,55.5,39.8,87.6,9.5,736,14,Patrick Wimmer,midfielder,9.4125,52.57142857142857,90.0,1260.0,1.9285714285714286,2.571428571428571,5.107142857142857,2.4642857142857144,3.9642857142857144,2.842857142857143,6.257142857142856,0.6785714285714286,78.4,42.6,11.0,38.7,12.4,7.7,9.1,,23.2,15.8,,,,, Standard
1274,13.200000000000001,16.0,756.5,85.5,207.0,303.1,953.5,280.5,4159,23,Niklas Süle,defender,-14.980163894914437,180.82608695652175,90.0,2070.0,0.5739130434782609,0.6956521739130435,32.891304347826086,3.7173913043478257,9.0,13.178260869565218,41.45652173913043,12.195652173913045,,,69.6,,30.4,41.2,93.1,95.1,51.0,57.8,15.0,3.4,50.0,1.0, Standard
1153,6.4,58.0,382.0,61.5,263.0,229.2,500.5,107.0,2704,23,Fabian Holland,midfielder,-2.6884036144578314,117.56521739130434,90.0,2070.0,0.27826086956521745,2.5217391304347827,16.608695652173914,2.6739130434782608,11.434782608695652,9.965217391304348,21.760869565217394,4.6521739130434785,18.7,42.1,66.2,45.9,72.2,72.2,73.2,,59.2,61.7,0.5,118.4,1.6666666666666667,57.53333333333334, Standard
23016,0.0,0.0,533.5,22.5,0.0,68.5,377.5,193.5,2374,21,Janis Blaswich,defender,-35.49191238416175,113.04761904761905,90.0,1890.0,0.0,0.0,25.404761904761905,1.0714285714285714,0.0,3.261904761904762,17.976190476190478,9.214285714285714,,,51.0,,4.9,21.6,44.1,83.3,27.0,21.6,,,,, Standard
29624,0.3,30.0,149.5,10.0,74.5,88.4,129.2,7.5,747,7,Attila Szalai,defender,-13.489145183175033,106.71428571428571,90.0,630.0,0.04285714285714286,4.285714285714286,21.357142857142858,1.4285714285714284,10.642857142857142,12.628571428571428,18.457142857142856,1.0714285714285714,,,35.3,,41.2,38.2,48.0,3.9,37.9,34.3,4.0,9.475,13.333333333333334,24.566666666666663, Standard
10483,4.3,30.0,69.0,5.5,61.0,45.8,105.0,24.5,567,20,Denis Thomalla,midfielder,-0.7188509874326748,28.35,72.9,1458.0,0.2654320987654321,1.8518518518518519,4.2592592592592595,0.3395061728395062,3.765432098765432,2.82716049382716,6.481481481481482,1.5123456790123457,18.2,26.3,8.1,0.5,12.0,7.2,12.0,,12.6,4.8,,,,, Standard
1443,17.6,29.0,415.0,76.5,395.5,461.8,416.6,134.5,2801,24,Benedikt Gimber,defender,-21.076515426497277,116.70833333333333,90.0,2160.0,0.7333333333333334,1.2083333333333333,17.291666666666664,3.1875,16.479166666666668,19.241666666666667,17.358333333333334,5.604166666666667,,,19.6,,80.4,75.5,42.1,57.8,61.8,62.7,2.5,24.72,8.333333333333332,53.46666666666667, Standard
21832,51.1,639.0,556.0,187.0,193.0,209.1,484.2,49.5,3384,32,Franck Honorat,midfielder,8.988201911589009,105.75,90.0,2880.0,1.596875,19.96875,17.375,5.843750000000001,6.03125,6.534375,15.13125,1.5468750000000002,70.8,98.5,69.3,90.9,27.3,40.7,48.3,,66.5,72.2,10.0,6.65,33.33333333333333,33.16666666666667, Standard
69885,6.9,26.0,70.5,31.5,10.0,6.1,41.3,9.5,298,7,Bryan Zaragoza,forward,15.495578231292516,42.57142857142857,90.0,630.0,0.9857142857142858,3.7142857142857144,10.071428571428571,4.5,1.4285714285714284,0.8714285714285713,5.8999999999999995,1.3571428571428572,12.5,49.5,76.2,66.6,,,,,37.6,30.7,12.0,3.1333333333333333,40.0,-2.3999999999999986, Standard
10662,169.8,121.0,300.0,113.5,194.0,198.2,313.5,37.5,3255,33,Tim Kleindienst,forward,10.639789406509253,98.63636363636364,90.0,2970.0,5.1454545454545455,3.666666666666667,9.09090909090909,3.4393939393939394,5.878787878787879,6.006060606060606,9.5,1.1363636363636362,84.2,47.8,70.6,56.9,,,,,67.1,72.8,10.0,6.709999999999999,33.33333333333333,33.766666666666666, Standard
23327,51.9,52.0,599.0,81.5,279.5,246.1,1035.7,83.5,4138,28,Robert Andrich,midfielder,-0.6428467153284674,147.78571428571428,90.0,2520.0,1.8535714285714284,1.8571428571428572,21.392857142857142,2.910714285714286,9.982142857142856,8.789285714285715,36.989285714285714,2.982142857142857,76.5,26.8,80.8,51.7,62.7,63.1,92.3,,65.0,70.3,11.0,5.909090909090909,36.666666666666664,28.333333333333336, Standard
41166,3.1999999999999997,26.0,53.5,8.5,36.0,31.0,70.5,11.0,381,11,Pep Biel,midfielder,9.587935656836462,34.63636363636363,89.06493506493506,979.7142857142857,0.29396325459317585,2.388451443569554,4.914698162729659,0.7808398950131235,3.3070866141732282,2.847769028871391,6.4763779527559056,1.010498687664042,20.1,39.2,10.0,2.4,8.1,8.1,11.5,,15.4,7.7,,,,, Standard
1028,49.9,254.0,715.0,191.0,349.5,295.9,705.6,110.5,4336,30,Mitchell Weiser,midfielder,1.9420158286778397,144.53333333333333,90.0,2700.0,1.6633333333333333,8.466666666666667,23.833333333333336,6.366666666666667,11.65,9.863333333333333,23.520000000000003,3.6833333333333336,72.7,90.4,86.6,92.3,75.1,71.3,78.4,,83.5,96.6,6.0,13.916666666666666,20.0,63.5," Great Value (High Performance, Reasonable Price)"
13567,35.3,111.0,818.0,229.0,315.0,383.6,833.5,101.5,4445,30,Joakim Maehle,midfielder,0.2275011317338163,148.16666666666666,90.0,2700.0,1.1766666666666665,3.7,27.26666666666667,7.633333333333334,10.5,12.786666666666667,27.78333333333333,3.3833333333333333,56.9,57.4,90.4,97.1,66.0,89.9,83.2,,78.0,89.4,14.0,5.571428571428571,46.666666666666664,31.333333333333336," Great Value (High Performance, Reasonable Price)"
170,5.5,3.0,767.5,105.0,179.5,240.4,589.1,162.0,3327,15,Eric Dier,defender,-14.613017215342795,221.8,90.0,1350.0,0.36666666666666664,0.2,51.16666666666667,7.0,11.966666666666665,16.026666666666667,39.27333333333333,10.799999999999999,,,97.0,,52.0,58.8,91.2,91.2,68.9,70.6,12.0,5.741666666666667,40.0,28.900000000000006, Standard
2586,28.7,23.0,267.5,34.5,265.0,201.9,352.3,64.0,1905,18,Kristijan Jakic,midfielder,-2.8287773625200208,105.83333333333333,90.0,1620.0,1.5944444444444443,1.277777777777778,14.861111111111112,1.9166666666666665,14.722222222222223,11.216666666666667,19.572222222222223,3.5555555555555554,70.3,16.3,56.4,24.6,89.9,83.7,67.0,,53.9,52.1,5.5,9.799999999999999,18.333333333333332,35.56666666666666, Standard
23088,4.1,76.0,90.5,36.5,33.5,40.9,72.5,4.5,600,20,Florian Pick,forward,12.352107925801013,30.0,77.14285714285714,1542.8571428571427,0.23916666666666667,4.433333333333334,5.279166666666668,2.129166666666667,1.9541666666666668,2.3858333333333333,4.229166666666668,0.26250000000000007,1.1,61.4,34.1,20.5,,,,,24.7,17.6,,,,, Standard
1306,13.3,9.0,83.5,33.0,56.5,40.4,69.1,6.0,583,10,Gerrit Holtmann,forward,10.03176265270506,58.3,90.0,900.0,1.33,0.9,8.35,3.3,5.65,4.04,6.91,0.6000000000000001,22.8,6.8,63.7,53.5,,,,,26.2,19.3,,,,, Standard
822,30.0,118.0,144.5,78.0,69.0,66.8,113.2,28.0,1433,24,Karim Onisiwo,forward,14.571938775510205,59.708333333333336,90.0,2160.0,1.25,4.916666666666667,6.020833333333334,3.2499999999999996,2.875,2.783333333333333,4.716666666666667,1.1666666666666667,20.5,66.0,42.1,52.3,,,,,41.6,39.3,1.5,27.733333333333334,5.0,36.6, Standard
7755,48.2,84.0,154.5,57.0,73.0,58.8,170.0,31.0,1205,22,Vaclav Cerny,forward,12.899405772495756,54.77272727272727,90.0,1980.0,2.190909090909091,3.8181818181818183,7.022727272727273,2.590909090909091,3.3181818181818183,2.6727272727272724,7.727272727272727,1.4090909090909092,43.2,53.5,54.6,41.0,,,,,46.4,50.1,7.0,6.628571428571428,23.333333333333332,23.066666666666666, Standard
