player_id,total_finishing,total_chance_creation,total_ball_progression,total_dribbling,total_ball_winning,total_defensive_actions,total_passing_accuracy,total_long_passing,total_events,matches_played,player_name,position,season_avg_x,events_per_match,estimated_minutes_per_match,estimated_total_minutes,finishing_per90,chance_creation_per90,ball_progression_per90,dribbling_per90,ball_winning_per90,defensive_actions_per90,passing_accuracy_per90,long_passing_per90,finishing_rating,chance_creation_rating,ball_progression_rating,dribbling_rating,ball_winning_rating,defensive_actions_rating,passing_accuracy_rating,long_passing_rating,overall_rating,within_position_overall
49887,32.2,51.0,115.0,59.0,64.0,54.1,114.4,13.0,1159,26,Tiago Tomás,forward,11.577336860670195,44.57692307692308,90.0,2340.0,1.2384615384615385,1.9615384615384615,4.423076923076923,2.269230769230769,2.4615384615384617,2.080769230769231,4.4,0.5,19.3,12.5,25.0,30.7,,,,,19.8,9.1
5253,39.0,62.0,95.0,25.0,49.0,20.5,142.7,17.5,702,10,Serge Gnabry,forward,13.424999999999999,70.2,90.0,900.0,3.9000000000000004,6.2,9.5,2.5,4.8999999999999995,2.0500000000000003,14.269999999999998,1.75,75.1,76.2,72.8,36.4,,,,,67.6,74.0
754,0.0,0.0,645.0,76.0,1.0,44.5,292.3,72.5,2611,32,Kevin Trapp,defender,-42.143163538874,81.59375,90.0,2880.0,0.0,0.0,20.15625,2.375,0.03125,1.390625,9.134375,2.265625,,,23.5,,11.8,9.8,11.8,10.8,13.5,2.0
1120,12.9,42.0,1039.5,169.5,341.0,442.2,1006.3,213.5,5102,31,Anthony Jung,defender,-16.105260047281323,164.58064516129033,90.0,2790.0,0.4161290322580645,1.3548387096774195,33.53225806451613,5.467741935483871,11.0,14.264516129032257,32.461290322580645,6.887096774193548,,,69.6,,59.3,68.6,84.3,70.6,67.2,69.1
64020,28.2,148.0,255.0,67.5,86.0,61.4,237.1,45.5,1409,18,Julian Justvan,midfielder,8.000214132762313,78.27777777777777,90.0,1620.0,1.5666666666666667,8.222222222222221,14.166666666666668,3.75,4.777777777777778,3.411111111111111,13.172222222222222,2.5277777777777777,68.4,89.9,47.8,61.5,20.6,16.7,41.1,,52.0,48.8
21100,17.0,40.0,255.5,57.0,156.5,160.4,242.5,32.5,1492,24,Alex Král,midfielder,-1.20625,62.166666666666664,90.0,2160.0,0.7083333333333333,1.6666666666666665,10.645833333333334,2.375,6.520833333333333,6.683333333333334,10.104166666666666,1.3541666666666665,36.3,23.7,32.5,29.4,39.2,52.1,27.3,,31.8,25.8
9702,0.0,20.0,1068.0,114.0,5.5,65.3,306.8,265.0,3388,31,Marcel Schuhen,defender,-39.86065525383707,109.29032258064517,90.0,2790.0,0.0,0.6451612903225806,34.45161290322581,3.67741935483871,0.1774193548387097,2.106451612903226,9.896774193548387,8.548387096774192,,,73.5,,20.6,17.6,15.7,81.4,32.8,29.4
2735,322.2,170.0,255.5,195.5,110.5,114.9,224.1,24.5,2298,34,Loïs Openda,forward,17.63112128146453,67.58823529411765,90.0,3060.0,9.476470588235294,5.0,7.514705882352941,5.75,3.2499999999999996,3.379411764705883,6.591176470588235,0.7205882352941175,96.7,67.1,58.0,83.1,,,,,83.2,91.0
67536,2.3,10.0,57.5,14.5,67.0,35.9,94.3,8.0,517,11,Andreas Müller,midfielder,-1.4917808219178084,47.0,90.0,990.0,0.20909090909090908,0.9090909090909092,5.2272727272727275,1.3181818181818183,6.090909090909092,3.2636363636363632,8.572727272727272,0.7272727272727273,15.3,7.2,10.5,6.7,34.0,14.8,21.0,,15.0,7.2
68020,55.7,46.0,97.0,64.5,30.0,31.900000000000002,87.5,14.0,841,14,Hugo Ekitiké,forward,14.366871165644172,60.07142857142857,90.0,1260.0,3.9785714285714286,3.285714285714286,6.928571428571429,4.607142857142857,2.142857142857143,2.2785714285714285,6.25,1.0,76.2,39.3,50.1,68.3,,,,,62.2,64.9
103675,2.9,36.0,60.0,15.0,35.0,28.0,64.5,8.5,351,13,Tom Bischof,midfielder,7.6659942363112386,27.0,69.42857142857142,902.5714285714284,0.2891737891737892,3.5897435897435903,5.982905982905984,1.495726495726496,3.4900284900284904,2.7920227920227925,6.431623931623932,0.8475783475783477,19.6,55.0,12.9,10.0,10.5,9.1,11.0,,20.5,12.0
943,22.2,59.0,585.0,87.0,426.5,402.0,529.8,141.0,3415,31,Dominik Kohr,midfielder,-9.61083978558666,110.16129032258064,90.0,2790.0,0.7161290322580646,1.903225806451613,18.870967741935484,2.8064516129032255,13.758064516129032,12.96774193548387,17.09032258064516,4.548387096774194,37.3,27.7,71.3,39.5,92.3,94.7,59.8,,60.3,64.6
26805,28.799999999999997,89.0,370.5,97.5,327.0,248.6,485.4,50.0,2630,24,Patrick Osterhage,midfielder,0.7710000000000001,109.58333333333333,90.0,2160.0,1.2,3.708333333333333,15.4375,4.0625,13.624999999999998,10.358333333333334,20.224999999999998,2.083333333333333,57.9,57.9,54.5,66.0,90.9,85.6,69.3,,65.7,71.3
23032,40.5,153.0,176.5,80.0,68.5,76.5,133.8,8.0,1483,25,Christopher Antwi-Adjei,forward,17.14192654192654,59.32,90.0,2250.0,1.6199999999999999,6.12,7.06,3.2,2.7399999999999998,3.06,5.352,0.32,29.6,75.1,54.6,52.3,,,,,49.0,54.6
2,194.5,477.0,521.5,195.0,142.0,134.6,649.7,74.5,3320,30,Andrej Kramaric,forward,10.855582672361196,110.66666666666667,90.0,2700.0,6.483333333333333,15.9,17.383333333333333,6.499999999999999,4.733333333333333,4.486666666666666,21.656666666666666,2.4833333333333334,92.2,99.0,91.0,86.5,,,,,93.0,99.0
5095,7.8,198.0,365.5,67.5,159.0,128.3,263.3,29.5,1893,17,Leart Paçarada,midfielder,-2.997874601487779,111.3529411764706,90.0,1530.0,0.45882352941176474,11.647058823529413,21.5,3.9705882352941178,9.352941176470589,7.5470588235294125,15.488235294117649,1.7352941176470589,27.3,94.2,78.4,65.0,65.5,63.1,50.2,,70.7,79.4
2030,17.4,66.0,294.5,74.0,252.5,199.1,297.2,42.5,1876,23,Lucas Tousart,midfielder,-2.77348938486663,81.56521739130434,90.0,2070.0,0.7565217391304346,2.869565217391304,12.804347826086957,3.217391304347826,10.978260869565217,8.656521739130435,12.921739130434784,1.8478260869565217,39.2,45.9,43.0,52.6,79.9,72.7,39.2,,50.8,46.4
57263,43.9,111.0,306.0,93.5,172.0,142.7,318.1,47.5,2103,28,Kevin Paredes,midfielder,5.695281656234955,75.10714285714286,90.0,2520.0,1.5678571428571428,3.9642857142857144,10.928571428571429,3.3392857142857144,6.142857142857142,5.096428571428571,11.360714285714288,1.6964285714285714,68.9,60.3,36.3,55.5,34.4,31.1,31.6,,43.4,37.3
862,70.2,203.0,268.5,121.0,117.5,113.8,304.5,22.5,2199,27,Roland Sallai,midfielder,9.747793427230047,81.44444444444444,90.0,2430.0,2.6,7.518518518518518,9.944444444444445,4.481481481481482,4.351851851851852,4.214814814814814,11.277777777777777,0.8333333333333333,87.5,87.0,29.2,72.7,18.7,23.4,31.1,,46.4,41.1
5616,138.9,487.0,730.5,159.0,294.0,227.9,1266.3,93.0,5997,33,Alejandro Grimaldo,midfielder,8.578906773977197,181.72727272727272,90.0,2970.0,4.209090909090909,14.757575757575756,22.136363636363637,4.818181818181818,8.909090909090908,6.906060606060606,38.37272727272727,2.8181818181818183,98.0,95.2,79.9,78.9,60.7,56.0,93.7,,81.8,94.7
109888,81.1,93.0,127.5,80.5,32.5,53.4,105.8,9.5,981,24,Justin Njinmah,forward,13.631617647058823,40.875,90.0,2160.0,3.3791666666666664,3.875,5.3125,3.354166666666667,1.3541666666666665,2.225,4.408333333333333,0.39583333333333337,66.0,54.6,31.9,55.8,,,,,58.8,61.4
281,57.0,83.0,1672.5,245.5,351.0,310.2,2542.4,349.0,9375,33,Granit Xhaka,midfielder,2.500267809319764,284.09090909090907,90.0,2970.0,1.727272727272727,2.515151515151515,50.68181818181819,7.4393939393939394,10.636363636363637,9.399999999999999,77.04242424242425,10.575757575757576,73.7,41.6,98.5,95.2,76.0,80.8,99.0,,81.4,93.7
1153,6.4,58.0,413.5,72.5,225.0,209.8,500.5,107.0,2704,23,Fabian Holland,midfielder,-2.6884036144578314,117.56521739130434,90.0,2070.0,0.27826086956521745,2.5217391304347827,17.978260869565215,3.1521739130434785,9.782608695652174,9.121739130434783,21.760869565217394,4.6521739130434785,18.7,42.1,67.0,50.7,69.3,76.5,73.2,,59.7,63.4
27747,15.5,0.0,374.5,72.5,136.0,182.6,273.4,61.0,1759,15,Yannik Keitel,defender,-14.945720850086158,117.26666666666667,90.0,1350.0,1.0333333333333332,0.0,24.966666666666665,4.833333333333333,9.066666666666666,12.173333333333332,18.226666666666667,4.066666666666666,,,48.0,,44.1,52.0,45.1,34.8,46.9,51.0
10369,15.1,46.0,1189.0,223.0,561.5,612.0,957.7,174.0,5561,31,Timo Hübers,defender,-17.801922030825025,179.38709677419354,90.0,2790.0,0.4870967741935484,1.4838709677419355,38.354838709677416,7.193548387096774,18.112903225806452,19.741935483870968,30.893548387096775,5.612903225806451,,,85.3,,98.0,95.1,81.4,58.8,91.0,99.0
1028,49.9,254.0,757.0,202.0,307.5,252.0,705.6,110.5,4336,30,Mitchell Weiser,midfielder,1.9420158286778397,144.53333333333333,90.0,2700.0,1.6633333333333333,8.466666666666667,25.233333333333334,6.733333333333333,10.25,8.4,23.520000000000003,3.6833333333333336,72.7,90.4,85.6,92.3,72.7,70.3,78.4,,82.8,95.7
16806,10.7,365.0,360.5,56.0,118.0,163.8,258.5,54.5,1821,21,Josip Juranovic,midfielder,-2.887858719646799,86.71428571428571,90.0,1890.0,0.5095238095238095,17.38095238095238,17.166666666666668,2.666666666666667,5.619047619047619,7.800000000000001,12.309523809523808,2.5952380952380953,30.1,97.6,63.1,34.9,29.2,66.0,37.3,,56.7,56.9
2404,105.5,65.0,177.0,98.5,87.0,76.5,185.3,31.0,1587,21,Jonathan Burkardt,forward,11.66298449612403,75.57142857142857,90.0,1890.0,5.023809523809524,3.095238095238095,8.428571428571429,4.690476190476191,4.142857142857143,3.6428571428571432,8.823809523809524,1.476190476190476,81.9,33.0,63.7,70.6,,,,,64.1,69.4
1090,4.6,10.0,142.5,16.5,119.0,125.0,168.4,31.5,1162,10,Stefan Bell,defender,-18.56826923076923,116.2,90.0,900.0,0.45999999999999996,1.0,14.25,1.65,11.899999999999999,12.5,16.84,3.1500000000000004,,,8.8,,68.1,55.9,40.2,25.5,47.7,52.9
735,88.9,35.0,49.0,49.0,57.5,47.1,142.2,9.5,891,20,Patrik Schick,forward,17.274970896391153,44.55,90.0,1800.0,4.445,1.75,2.4499999999999997,2.4499999999999997,2.875,2.355,7.1099999999999985,0.47500000000000003,77.4,9.7,3.4,34.1,,,,,44.7,46.1
35172,119.8,350.0,778.0,334.0,147.5,148.3,873.9,63.0,4330,34,Chris Führich,forward,15.060872608492767,127.3529411764706,90.0,3060.0,3.523529411764706,10.294117647058822,22.88235294117647,9.823529411764707,4.338235294117648,4.361764705882353,25.70294117647059,1.8529411764705883,67.1,88.8,95.6,95.6,,,,,80.7,86.5
824,92.8,487.0,516.5,140.0,151.5,139.8,764.2,139.5,3786,32,Julian Brandt,midfielder,8.791762196747534,118.3125,90.0,2880.0,2.9,15.21875,16.140625,4.375,4.734375,4.36875,23.88125,4.359375,90.9,95.7,59.3,70.1,19.6,24.4,78.9,,64.5,69.3
66446,57.1,56.0,70.5,44.0,55.5,49.5,77.9,-1.5,1005,26,Oscar Vilhelmsson,midfielder,9.088631578947368,38.65384615384615,90.0,2340.0,2.1961538461538463,2.153846153846154,2.7115384615384617,1.6923076923076923,2.1346153846153846,1.903846153846154,2.996153846153846,-0.057692307692307696,82.3,34.0,2.9,15.8,1.4,1.9,1.0,,13.8,6.2
1132,72.5,109.0,97.0,48.5,77.5,59.3,159.7,2.0,1121,28,Yussuf Poulsen,midfielder,8.981128584643846,40.035714285714285,90.0,2520.0,2.589285714285714,3.892857142857143,3.4642857142857144,1.7321428571428572,2.767857142857143,2.117857142857143,5.703571428571428,0.07142857142857142,87.0,59.3,4.8,16.7,5.7,4.3,6.2,,21.3,13.9
16761,80.9,165.0,290.5,83.0,197.5,171.5,471.1,35.5,2557,29,Jae-sung Lee,midfielder,7.536047904191617,88.17241379310344,90.0,2610.0,2.7896551724137932,5.689655172413794,10.017241379310345,2.8620689655172415,6.810344827586207,5.913793103448277,16.244827586206895,1.2241379310344827,89.4,78.9,29.7,42.3,42.6,42.6,55.5,,50.2,45.9
9915,46.8,165.0,218.5,58.5,159.0,154.1,153.3,3.0,1498,21,Maximilian Wittek,midfielder,4.013096862210095,71.33333333333333,90.0,1890.0,2.228571428571428,7.857142857142857,10.404761904761905,2.7857142857142856,7.571428571428572,7.338095238095238,7.300000000000001,0.14285714285714285,83.2,88.0,30.1,38.7,48.1,59.8,14.8,,47.1,42.1
8358,8.1,87.0,492.0,96.5,206.5,174.7,670.7,68.0,2910,19,Noussair Mazraoui,midfielder,2.6254319281271594,153.1578947368421,90.0,1710.0,0.42631578947368415,4.578947368421052,25.894736842105264,5.078947368421052,10.868421052631579,9.194736842105263,35.300000000000004,3.578947368421053,25.8,69.8,87.5,81.8,78.4,78.4,90.9,,79.0,90.2
117429,14.600000000000001,0.0,42.0,6.0,25.5,20.6,45.0,11.5,245,6,Skelly Alvero,midfielder,-1.5270833333333336,40.833333333333336,90.0,540.0,2.4333333333333336,0.0,7.0,1.0,4.25,3.4333333333333336,7.5,1.9166666666666665,85.6,0.7,16.7,3.6,18.2,17.7,15.3,,15.7,7.7
40468,7.5,26.0,16.5,7.0,7.5,12.3,40.7,0.0,250,7,Borja Iglesias,forward,21.93089430894309,35.714285714285715,90.0,630.0,1.0714285714285714,3.7142857142857144,2.357142857142857,1.0,1.0714285714285714,1.7571428571428573,5.814285714285715,0.0,17.1,49.5,2.3,3.4,,,,,23.3,14.8
996,0.0,10.0,660.5,68.5,4.0,48.9,200.9,240.0,2225,25,Koen Casteels,defender,-40.97153776978417,89.0,90.0,2250.0,0.0,0.4,26.42,2.7399999999999998,0.16,1.956,8.036,9.600000000000001,,,52.9,,17.6,16.7,6.9,84.3,26.7,22.1
33309,36.9,170.0,898.5,147.0,332.0,369.7,675.7,215.5,4260,31,Anthony Caci,midfielder,-4.444897959183673,137.41935483870967,90.0,2790.0,1.1903225806451612,5.483870967741935,28.983870967741932,4.741935483870968,10.709677419354838,11.925806451612901,21.796774193548387,6.951612903225807,57.4,77.0,90.4,77.0,76.5,93.3,73.7,,80.3,92.8
1012,17.6,23.0,203.5,25.5,201.5,157.4,276.9,42.5,1676,21,Janik Haberer,midfielder,-0.17392097264437706,79.80952380952381,90.0,1890.0,0.8380952380952382,1.0952380952380953,9.69047619047619,1.2142857142857144,9.595238095238095,7.495238095238096,13.185714285714285,2.0238095238095237,41.6,10.5,28.2,5.3,67.4,62.2,41.6,,32.6,27.7
26784,35.5,72.0,608.0,162.0,167.0,174.1,757.6,99.0,3195,20,Josip Stanisic,midfielder,-0.5581789638932497,159.75,90.0,1800.0,1.775,3.6,30.400000000000002,8.1,8.35,8.705,37.88,4.95,74.6,55.7,91.3,97.6,57.4,74.6,92.8,,78.3,89.4
42376,31.0,95.0,269.5,101.5,144.0,80.8,274.5,16.0,1736,30,Brenden Aaronson,midfielder,7.586788021139165,57.86666666666667,90.0,2700.0,1.0333333333333332,3.166666666666667,8.983333333333333,3.3833333333333333,4.800000000000001,2.6933333333333334,9.15,0.5333333333333333,50.7,48.8,25.8,56.0,21.5,7.2,23.4,,32.7,28.2
103995,24.7,62.0,486.0,71.5,205.5,128.9,693.3,135.5,2838,19,Aleksandar Pavlovic,midfielder,-0.3145907473309606,149.3684210526316,90.0,1710.0,1.3,3.263157894736842,25.57894736842105,3.763157894736842,10.81578947368421,6.784210526315789,36.48947368421052,7.131578947368421,60.7,50.2,87.0,62.2,78.0,52.6,91.8,,73.5,84.7
664,63.4,301.0,506.5,94.0,243.0,195.7,510.3,86.5,3257,33,Florian Kainz,midfielder,6.5590965732087225,98.6969696969697,90.0,2970.0,1.9212121212121211,9.121212121212121,15.34848484848485,2.8484848484848486,7.363636363636363,5.93030303030303,15.463636363636363,2.6212121212121215,77.5,91.8,53.6,41.6,45.4,43.0,49.7,,58.9,60.7
66450,4.9,0.0,23.0,6.5,24.5,13.2,72.5,4.0,471,13,Amin Sarr,forward,11.185991379310344,36.23076923076923,90.0,1170.0,0.3769230769230769,0.0,1.7692307692307692,0.5,1.8846153846153846,1.0153846153846153,5.576923076923077,0.3076923076923077,2.3,2.3,1.1,1.1,,,,,2.0,1.1
204,131.7,372.0,608.5,275.0,130.0,105.7,689.3,88.5,3716,27,Leroy Sané,forward,16.257618787547788,137.62962962962962,90.0,2430.0,4.877777777777777,13.777777777777779,22.537037037037035,10.185185185185185,4.814814814814815,3.9148148148148154,25.52962962962963,3.2777777777777777,79.7,96.7,94.4,99.0,,,,,89.4,96.7
10331,52.8,62.0,369.0,96.5,290.5,192.7,597.5,65.5,3018,28,Grischa Prömel,midfielder,2.1614088304684866,107.78571428571429,90.0,2520.0,1.8857142857142857,2.2142857142857144,13.178571428571429,3.4464285714285716,10.375,6.882142857142856,21.33928571428571,2.3392857142857144,77.0,35.9,45.4,57.4,73.7,55.5,72.2,,55.0,52.6
1232,13.5,121.0,409.5,69.0,130.0,141.0,508.5,52.5,2406,23,Philipp Max,midfielder,-1.7371956339210748,104.6086956521739,90.0,2070.0,0.5869565217391304,5.260869565217392,17.804347826086957,3.0,5.6521739130434785,6.130434782608695,22.108695652173914,2.282608695652174,34.4,75.6,65.5,46.4,29.7,45.0,74.6,,59.0,61.2
1268,13.5,149.0,186.5,32.5,97.5,106.9,228.7,14.5,1387,15,Christian Günter,midfielder,3.3149963423555233,92.46666666666667,90.0,1350.0,0.9,9.933333333333334,12.433333333333334,2.1666666666666665,6.499999999999999,7.126666666666667,15.246666666666666,0.9666666666666666,44.7,93.3,42.1,23.4,38.3,57.9,48.8,,51.8,48.3
200,3.8,33.0,319.5,57.0,64.0,110.2,253.9,50.5,1368,8,Thomas Meunier,midfielder,-6.576401179941003,171.0,90.0,720.0,0.47500000000000003,4.125,39.9375,7.125,8.0,13.775,31.7375,6.3125,29.2,62.7,98.0,94.7,54.3,97.1,87.5,,79.0,90.2
21558,74.5,173.0,562.5,88.0,340.5,279.9,511.9,79.5,3328,30,Robin Gosens,midfielder,0.8142200429053018,110.93333333333334,90.0,2700.0,2.4833333333333334,5.766666666666667,18.75,2.933333333333333,11.350000000000001,9.329999999999998,17.063333333333333,2.65,86.1,79.9,70.3,44.5,83.2,79.9,59.3,,71.2,82.0
3772,11.8,0.0,580.0,109.5,423.5,473.6,569.8,178.0,3522,25,Marco Friedl,defender,-19.32985374247204,140.88,90.0,2250.0,0.47200000000000003,0.0,23.2,4.38,16.94,18.944,22.791999999999998,7.119999999999999,,,39.2,,95.1,93.1,61.8,72.5,78.9,87.2
106970,14.4,49.0,574.0,91.5,254.0,329.5,424.6,115.5,3027,26,Matej Maglica,defender,-15.189450770261217,116.42307692307692,90.0,2340.0,0.5538461538461539,1.8846153846153846,22.076923076923077,3.519230769230769,9.76923076923077,12.673076923076923,16.33076923076923,4.4423076923076925,,,31.4,,50.0,57.8,38.2,41.2,47.0,52.0
49562,10.9,58.0,835.0,170.0,254.5,249.5,912.3,108.5,4208,22,Odilon Kossounou,midfielder,-2.9188007644529383,191.27272727272728,90.0,1980.0,0.4954545454545454,2.6363636363636367,37.95454545454545,7.727272727272727,11.568181818181818,11.340909090909092,41.46818181818182,4.931818181818182,29.7,43.0,96.6,96.6,85.1,90.9,94.7,,80.2,92.1
66772,194.9,74.0,213.0,164.0,71.5,48.800000000000004,202.3,15.5,1694,23,Victor Boniface,forward,17.230269607843137,73.65217391304348,90.0,2070.0,8.47391304347826,3.217391304347826,9.26086956521739,7.130434782608696,3.108695652173913,2.121739130434783,8.795652173913044,0.6739130434782609,94.4,35.3,70.6,89.9,,,,,74.6,81.9
9536,23.8,36.0,53.0,28.0,28.0,26.4,73.2,10.0,585,13,Aymen Barkok,forward,11.088752196836555,45.0,90.0,1170.0,1.830769230769231,2.769230769230769,4.076923076923077,2.153846153846154,2.153846153846154,2.0307692307692307,5.630769230769231,0.7692307692307693,34.1,27.3,19.3,19.3,,,,,28.4,20.5
15811,94.8,207.0,357.0,124.0,231.0,188.7,386.3,31.0,2702,30,Ritsu Doan,midfielder,7.197663903541823,90.06666666666666,90.0,2700.0,3.1599999999999997,6.8999999999999995,11.899999999999999,4.133333333333333,7.699999999999999,6.29,12.876666666666667,1.0333333333333332,93.3,84.2,38.3,67.4,51.7,48.3,38.7,,55.7,54.5
5774,16.4,13.0,682.0,102.5,289.5,327.3,795.9,152.0,4044,19,Dan-Axel Zagadou,defender,-15.204895626242545,212.8421052631579,90.0,1710.0,0.863157894736842,0.6842105263157895,35.89473684210526,5.394736842105263,15.236842105263158,17.226315789473684,41.88947368421052,8.0,,,76.5,,92.1,85.3,94.1,79.4,86.5,94.1
3989,0.0,3.0,889.5,142.5,3.0,85.1,347.9,184.0,3271,31,Finn Dahmen,defender,-37.86474908200734,105.51612903225806,90.0,2790.0,0.0,0.0967741935483871,28.693548387096776,4.596774193548387,0.0967741935483871,2.7451612903225806,11.22258064516129,5.935483870967742,,,55.9,,15.7,22.5,19.6,64.7,28.6,24.5
49447,22.2,72.0,1030.5,125.5,426.0,417.5,1086.8,171.0,5600,30,Tuta,defender,-12.01521582733813,186.66666666666666,90.0,2700.0,0.7400000000000001,2.4000000000000004,34.35,4.183333333333334,14.2,13.916666666666666,36.22666666666667,5.7,,,72.5,,84.3,66.7,88.2,59.8,75.8,83.8
50078,11.9,88.0,983.5,99.0,297.0,395.7,1235.9,194.0,5876,26,Hiroki Ito,defender,-10.444847034694924,226.0,90.0,2340.0,0.45769230769230773,3.3846153846153846,37.82692307692308,3.807692307692308,11.423076923076923,15.21923076923077,47.53461538461539,7.461538461538462,,,84.3,,62.7,75.5,97.0,73.5,74.8,79.4
6469,5.0,36.0,354.0,48.5,390.0,280.3,544.0,116.0,2709,32,Senne Lynen,midfielder,-5.574606151537885,84.65625,90.0,2880.0,0.15625,1.125,11.0625,1.515625,12.1875,8.759375,17.0,3.6250000000000004,12.4,11.5,37.3,11.0,87.5,75.1,58.8,,40.9,33.5
10431,14.5,112.0,432.0,112.5,283.5,207.8,415.2,78.0,2746,24,Matthias Bader,midfielder,-3.487329650092081,114.41666666666667,90.0,2160.0,0.6041666666666666,4.666666666666667,18.0,4.6875,11.8125,8.658333333333333,17.3,3.2499999999999996,35.4,70.8,67.4,75.6,86.1,73.2,60.7,,69.4,78.7
21598,9.3,93.0,139.0,55.5,46.0,59.7,113.9,19.0,881,11,Sheraldo Becker,forward,17.001734104046243,80.0909090909091,90.0,990.0,0.8454545454545456,8.454545454545453,12.636363636363635,5.045454545454546,4.181818181818182,5.427272727272728,10.354545454545455,1.727272727272727,8.0,84.2,81.9,78.5,,,,,48.7,53.5
1110,1.5,93.0,278.5,52.0,120.5,113.7,166.5,35.5,1281,18,Danny da Costa,midfielder,0.3913385826771653,71.16666666666667,90.0,1620.0,0.08333333333333334,5.166666666666667,15.472222222222223,2.8888888888888893,6.694444444444445,6.316666666666666,9.25,1.9722222222222223,6.7,75.1,55.0,44.0,41.1,48.8,23.9,,48.4,45.2
31458,3.3,19.0,124.0,23.5,92.0,118.4,105.2,29.5,823,11,Patric Pfeiffer,defender,-12.452334152334153,74.81818181818181,90.0,990.0,0.3,1.727272727272727,11.272727272727273,2.1363636363636362,8.363636363636363,10.763636363636364,9.563636363636364,2.681818181818182,,,4.9,,41.2,43.1,12.7,16.7,30.4,28.4
1344,3.5999999999999996,10.0,271.5,39.5,211.0,149.4,441.8,62.5,1988,21,Niklas Dorsch,midfielder,-6.783180428134557,94.66666666666667,90.0,1890.0,0.1714285714285714,0.47619047619047616,12.928571428571427,1.880952380952381,10.047619047619047,7.114285714285714,21.038095238095238,2.976190476190476,13.4,3.3,44.5,19.1,71.7,56.9,70.8,,40.8,33.0
49782,213.20000000000002,176.0,198.5,151.0,119.0,97.10000000000001,251.5,9.0,2182,33,Maximilian Beier,forward,16.817354196301565,66.12121212121212,90.0,2970.0,6.460606060606061,5.333333333333334,6.015151515151515,4.575757575757575,3.606060606060606,2.942424242424243,7.621212121212121,0.2727272727272727,91.0,70.6,41.0,66.0,,,,,77.4,84.2
44884,31.7,19.0,1279.0,250.0,627.0,687.1,770.9,226.5,5038,34,Patrick Mainka,defender,-19.38156948881789,148.1764705882353,90.0,3060.0,0.9323529411764706,0.5588235294117647,37.61764705882353,7.352941176470589,18.441176470588236,20.208823529411763,22.673529411764708,6.661764705882353,,,83.3,,99.0,97.0,60.8,68.6,89.9,96.1
6183,12.600000000000001,66.0,332.0,61.5,117.5,112.7,292.4,43.5,1535,13,Rogério,midfielder,-1.548327868852459,118.07692307692308,90.0,1170.0,0.9692307692307693,5.076923076923077,25.538461538461537,4.730769230769231,9.038461538461538,8.66923076923077,22.49230769230769,3.3461538461538463,46.9,74.1,86.6,76.5,61.2,73.7,75.6,,75.0,86.8
73465,44.0,105.0,178.0,67.0,168.5,105.8,211.8,25.0,1583,31,Marvin Pieringer,midfielder,6.1283267457180495,51.064516129032256,90.0,2790.0,1.4193548387096775,3.3870967741935485,5.741935483870968,2.161290322580645,5.435483870967742,3.412903225806452,6.832258064516129,0.8064516129032258,65.0,52.6,12.0,23.0,27.7,17.2,12.4,,26.5,18.7
13834,18.4,26.0,36.0,23.5,35.0,49.7,59.7,4.0,689,16,Aaron Seydel,midfielder,9.599405646359584,43.0625,90.0,1440.0,1.15,1.6249999999999998,2.25,1.46875,2.1875,3.10625,3.73125,0.25,55.0,22.2,1.4,9.3,2.9,11.5,1.9,,9.8,3.3
3503,167.9,177.0,205.0,81.5,103.5,119.4,335.1,31.5,2407,34,Jonas Wind,forward,11.672579957356078,70.79411764705883,90.0,3060.0,4.938235294117647,5.205882352941177,6.029411764705882,2.3970588235294117,3.0441176470588234,3.5117647058823533,9.855882352941176,0.9264705882352942,80.8,69.4,42.1,31.9,,,,,65.7,70.6
3425,19.6,86.0,288.5,98.0,190.5,147.8,298.5,24.5,1861,20,András Schäfer,midfielder,3.425301204819277,93.05,90.0,1800.0,0.98,4.3,14.424999999999999,4.8999999999999995,9.525,7.390000000000001,14.925,1.2249999999999999,47.8,65.5,48.8,80.8,67.0,61.2,47.8,,58.5,60.0
1235,7.0,43.0,831.5,105.0,221.5,279.2,787.1,132.5,4121,19,Willi Orbán,defender,-14.438425925925927,216.89473684210526,90.0,1710.0,0.368421052631579,2.263157894736842,43.76315789473684,5.526315789473684,11.657894736842104,14.69473684210526,41.42631578947369,6.973684210526315,,,92.1,,64.7,70.6,92.1,71.6,75.0,80.4
15580,7.8,29.0,31.5,24.5,12.0,18.3,39.1,2.0,413,9,Sebastian Polter,forward,13.626315789473683,45.888888888888886,90.0,810.0,0.8666666666666666,3.2222222222222223,3.5,2.7222222222222223,1.3333333333333335,2.0333333333333337,4.344444444444445,0.2222222222222222,9.1,36.4,14.8,44.4,,,,,24.6,17.1
170,5.5,3.0,769.0,113.0,155.5,208.6,589.1,162.0,3327,15,Eric Dier,defender,-14.613017215342795,221.8,90.0,1350.0,0.36666666666666664,0.2,51.266666666666666,7.533333333333332,10.366666666666667,13.906666666666668,39.27333333333333,10.799999999999999,,,97.0,,53.9,65.7,91.2,91.2,71.7,75.5
1027,0.0,10.0,987.0,69.0,6.0,79.9,308.9,230.0,3146,34,Oliver Baumann,defender,-41.477011128775835,92.52941176470588,90.0,3060.0,0.0,0.29411764705882354,29.029411764705884,2.0294117647058822,0.1764705882352941,2.35,9.08529411764706,6.764705882352941,,,59.8,,19.6,19.6,10.8,69.6,29.3,26.5
31568,0.3,9.0,26.5,12.0,18.0,10.6,55.1,1.5,252,10,Jens Petter Hauge,midfielder,8.4848,25.2,64.8,648.0,0.041666666666666664,1.25,3.680555555555556,1.6666666666666665,2.5,1.4722222222222223,7.652777777777778,0.20833333333333331,2.4,14.6,6.2,15.3,3.8,1.0,15.8,,9.4,2.4
10662,169.8,121.0,300.0,124.5,171.0,183.7,313.5,37.5,3255,33,Tim Kleindienst,forward,10.639789406509253,98.63636363636364,90.0,2970.0,5.1454545454545455,3.666666666666667,9.09090909090909,3.7727272727272725,5.181818181818182,5.566666666666666,9.5,1.1363636363636362,84.2,47.8,68.3,60.3,,,,,67.7,75.1
31467,3.5,59.0,163.0,39.0,64.5,73.8,187.2,25.5,1016,22,Finn Becker,midfielder,0.325944333996024,46.18181818181818,90.0,1980.0,0.1590909090909091,2.681818181818182,7.409090909090909,1.7727272727272725,2.931818181818182,3.3545454545454545,8.50909090909091,1.1590909090909092,12.9,43.5,18.2,17.2,6.7,15.8,20.6,,21.4,14.3
10617,0.0,0.0,1124.5,146.5,1.0,35.3,401.5,267.5,3210,34,Marvin Schwäbe,defender,-39.83915887850467,94.41176470588235,90.0,3060.0,0.0,0.0,33.07352941176471,4.308823529411765,0.029411764705882353,1.038235294117647,11.808823529411764,7.867647058823529,,,67.6,,9.8,3.9,21.6,78.4,24.2,15.7
33303,0.3,20.0,113.0,17.0,35.0,28.5,78.5,7.5,557,6,Nicolas Cozza,midfielder,-6.75750452079566,92.83333333333333,90.0,540.0,0.05,3.333333333333333,18.833333333333332,2.833333333333333,5.833333333333333,4.75,13.083333333333334,1.25,4.1,51.7,70.8,40.7,32.0,27.7,40.7,,48.1,44.2
1029,0.0,0.0,99.5,22.0,35.5,31.8,102.7,10.0,544,7,Makoto Hasebe,defender,-12.165862708719851,77.71428571428571,90.0,630.0,0.0,0.0,14.214285714285714,3.142857142857143,5.071428571428571,4.542857142857144,14.671428571428573,1.4285714285714284,,,7.8,,27.4,25.5,32.8,4.9,22.3,10.8
10518,111.9,198.0,156.0,89.0,180.0,132.4,215.5,33.0,2030,34,Phillip Tietz,forward,11.419059917355371,59.705882352941174,90.0,3060.0,3.291176470588235,5.8235294117647065,4.588235294117647,2.6176470588235294,5.294117647058823,3.894117647058824,6.338235294117647,0.9705882352941176,63.7,71.7,26.2,39.8,,,,,59.4,62.6
117428,0.3,10.0,26.5,10.0,27.0,21.4,49.3,10.0,273,8,Jean-Mattéo Bahoya,midfielder,9.444609665427508,34.125,87.75,702.0,0.038461538461538464,1.2820512820512822,3.3974358974358974,1.2820512820512822,3.4615384615384617,2.7435897435897436,6.32051282051282,1.2820512820512822,1.9,16.7,4.3,6.2,10.0,8.1,9.6,,8.7,1.4
4670,22.7,53.0,681.0,104.5,259.0,335.3,671.8,158.5,3736,30,Christoph Klarer,defender,-16.853151203678657,124.53333333333333,90.0,2700.0,0.7566666666666666,1.7666666666666666,22.700000000000003,3.4833333333333334,8.633333333333333,11.176666666666668,22.39333333333333,5.283333333333333,,,36.3,,42.1,45.1,59.8,53.9,44.2,45.1
29485,6.2,10.0,669.0,101.5,278.0,334.7,579.2,89.5,3325,22,Cédric Zesiger,defender,-15.748407643312103,151.13636363636363,90.0,1980.0,0.28181818181818186,0.4545454545454546,30.40909090909091,4.613636363636363,12.636363636363635,15.213636363636365,26.327272727272728,4.068181818181818,,,60.8,,74.5,74.5,70.6,36.3,69.5,72.5
6201,0.8999999999999999,10.0,171.0,25.0,103.0,146.2,136.1,29.5,1018,7,Amos Pieper,defender,-14.636795252225518,145.42857142857142,90.0,630.0,0.12857142857142856,1.4285714285714284,24.428571428571427,3.571428571428571,14.714285714285715,20.885714285714286,19.442857142857143,4.214285714285714,,,45.1,,89.2,98.0,53.9,37.2,76.9,85.3
1443,17.6,29.0,440.5,105.5,311.5,377.2,416.6,134.5,2801,24,Benedikt Gimber,defender,-21.076515426497277,116.70833333333333,90.0,2160.0,0.7333333333333334,1.2083333333333333,18.354166666666668,4.395833333333333,12.979166666666666,15.716666666666667,17.358333333333334,5.604166666666667,,,18.6,,77.4,79.4,42.1,57.8,61.7,62.7
26464,2.9,10.0,322.5,67.5,188.5,252.5,289.3,61.0,1793,19,Christoph Zimmermann,defender,-18.49971846846847,94.36842105263158,90.0,1710.0,0.15263157894736842,0.5263157894736842,16.973684210526315,3.552631578947368,9.921052631578949,13.289473684210527,15.226315789473684,3.210526315789474,,,15.2,,51.0,60.8,35.3,26.5,44.0,44.1
29624,0.3,30.0,157.0,12.0,67.5,78.9,129.2,7.5,747,7,Attila Szalai,defender,-13.489145183175033,106.71428571428571,90.0,630.0,0.04285714285714286,4.285714285714286,22.42857142857143,1.7142857142857144,9.642857142857142,11.271428571428574,18.457142857142856,1.0714285714285714,,,34.3,,49.0,46.1,48.0,3.9,42.8,43.1
53110,21.6,39.0,800.5,149.5,174.0,228.3,875.8,73.5,4230,25,Piero Hincapié,midfielder,-5.804397432850012,169.2,90.0,2250.0,0.8640000000000001,1.5599999999999998,32.02,5.98,6.96,9.132000000000001,35.032000000000004,2.9399999999999995,42.6,21.0,92.8,89.0,43.5,77.0,90.4,,67.0,74.6
13823,30.1,516.0,892.0,162.5,315.5,313.9,926.1,119.0,5696,31,David Raum,midfielder,1.1046338875132649,183.74193548387098,90.0,2790.0,0.970967741935484,16.64516129032258,28.774193548387096,5.241935483870968,10.17741935483871,10.125806451612902,29.8741935483871,3.8387096774193545,47.3,96.6,89.9,82.7,72.2,84.2,84.7,,84.7,97.1
1014,2.3,46.0,141.0,29.0,238.5,222.3,239.2,26.0,1430,20,Rani Khedira,midfielder,-6.280703012912483,71.5,90.0,1800.0,0.11499999999999999,2.3000000000000003,7.050000000000001,1.45,11.925,11.115000000000002,11.96,1.3,8.1,37.8,17.2,8.6,87.0,90.4,35.4,,36.9,30.1
8112,16.7,81.0,464.5,109.5,214.5,215.8,580.7,64.0,3122,30,Aurélio Buta,midfielder,0.4151151475835225,104.06666666666666,90.0,2700.0,0.5566666666666666,2.6999999999999997,15.483333333333334,3.65,7.1499999999999995,7.193333333333333,19.35666666666667,2.1333333333333333,33.0,44.0,55.5,59.1,44.5,58.3,66.0,,52.5,49.7
27426,30.7,28.0,222.0,53.0,104.5,105.6,377.9,33.0,1795,18,Josha Vagnoman,midfielder,2.2604166666666665,99.72222222222223,90.0,1620.0,1.7055555555555555,1.5555555555555554,12.333333333333334,2.9444444444444446,5.805555555555555,5.866666666666666,20.994444444444444,1.8333333333333335,73.2,20.6,41.6,45.4,31.1,41.6,70.3,,42.1,35.4
62486,4.6,121.0,745.5,181.5,328.0,274.0,499.1,82.5,3542,31,Omar Traoré,midfielder,-1.6316390633923472,114.25806451612904,90.0,2790.0,0.14838709677419354,3.903225806451613,24.048387096774196,5.854838709677419,10.580645161290322,8.838709677419356,16.1,2.6612903225806455,11.0,59.8,82.3,87.5,75.6,75.6,55.0,,69.3,77.7
1017,28.900000000000002,0.0,29.0,16.0,15.5,11.2,45.9,4.5,287,8,Timo Werner,forward,14.229787234042554,35.875,90.0,720.0,3.6125000000000003,0.0,3.6250000000000004,2.0,1.9375,1.4,5.7375,0.5625,70.6,2.3,17.1,15.9,,,,,36.5,29.6
9604,96.2,105.0,214.0,65.5,188.0,172.8,383.1,39.5,2472,33,Lucas Höler,midfielder,6.6308105872622,74.9090909090909,90.0,2970.0,2.9151515151515155,3.1818181818181817,6.484848484848484,1.9848484848484849,5.696969696969697,5.236363636363637,11.60909090909091,1.196969696969697,91.3,49.3,14.8,20.1,30.1,34.0,33.0,,32.0,26.5
22967,66.6,92.0,88.5,39.0,66.5,77.1,184.7,4.5,1431,28,Philipp Hofmann,forward,11.009942363112392,51.107142857142854,90.0,2520.0,2.3785714285714286,3.285714285714286,3.1607142857142856,1.3928571428571428,2.375,2.753571428571428,6.596428571428571,0.1607142857142857,50.1,39.3,9.1,8.0,,,,,36.4,28.4
23127,31.5,86.0,123.0,50.0,52.0,53.0,99.1,23.0,1082,20,Marco Richter,forward,11.992481203007518,54.1,90.0,1800.0,1.5750000000000002,4.3,6.1499999999999995,2.5,2.6,2.65,4.955,1.1500000000000001,28.4,59.2,43.2,36.4,,,,,40.0,35.3
968,128.6,78.0,132.5,70.5,123.5,103.3,176.2,29.0,1625,32,Michael Gregoritsch,midfielder,8.975410872313528,50.78125,90.0,2880.0,4.01875,2.4375,4.140625,2.203125,3.859375,3.228125,5.50625,0.9062500000000001,97.6,40.7,6.7,24.9,14.3,13.9,5.3,,21.2,13.4
1522,4.4,84.0,463.5,77.0,126.0,109.7,402.1,90.0,2411,21,Marius Wolf,midfielder,0.023529411764705823,114.80952380952381,90.0,1890.0,0.20952380952380956,4.0,22.07142857142857,3.666666666666667,6.0,5.223809523809524,19.14761904761905,4.285714285714286,15.8,61.0,79.4,59.8,32.5,33.5,65.0,,59.1,61.9
30315,64.7,140.0,157.5,58.5,91.0,59.1,275.2,13.5,1475,23,Amine Adli,forward,14.576784476784477,64.1304347826087,90.0,2070.0,2.81304347826087,6.08695652173913,6.847826086956522,2.5434782608695654,3.9565217391304346,2.5695652173913044,11.965217391304348,0.5869565217391304,55.8,74.0,48.9,38.7,,,,,57.5,59.2
52004,31.6,58.0,271.5,63.0,366.0,279.4,301.1,62.0,2207,26,Jan Schöppner,midfielder,-3.396287809349221,84.88461538461539,90.0,2340.0,1.2153846153846155,2.230769230769231,10.442307692307693,2.4230769230769234,14.076923076923077,10.746153846153845,11.580769230769231,2.3846153846153846,58.8,36.3,31.1,30.6,93.3,88.5,32.5,,45.9,39.9
1053,86.3,105.0,987.0,225.5,354.5,235.5,1187.7,195.0,5186,30,Leon Goretzka,midfielder,-0.5131169840652934,172.86666666666667,90.0,2700.0,2.876666666666667,3.5,32.9,7.516666666666667,11.816666666666666,7.8500000000000005,39.589999999999996,6.499999999999999,89.9,53.6,93.3,96.1,86.6,67.4,94.2,,83.3,96.6
183,31.0,32.0,652.5,72.5,470.5,327.4,948.8,219.5,4246,31,Julian Weigl,midfielder,-6.666413120988828,136.96774193548387,90.0,2790.0,1.0,1.032258064516129,21.048387096774192,2.3387096774193545,15.177419354838708,10.561290322580644,30.606451612903225,7.080645161290322,49.7,9.6,77.0,27.3,95.2,88.0,86.1,,61.8,67.0
7154,53.9,56.0,104.0,59.5,45.5,63.0,180.4,24.5,1092,18,Rafael Borré,midfielder,9.987797902764537,60.666666666666664,90.0,1620.0,2.994444444444444,3.1111111111111107,5.777777777777779,3.305555555555556,2.5277777777777777,3.5,10.022222222222222,1.3611111111111112,91.8,47.3,12.4,55.0,4.3,18.4,25.8,,28.7,20.6
9723,25.400000000000002,72.0,323.5,50.5,420.5,426.5,450.2,46.5,2712,31,Anthony Losilla,midfielder,-1.3382330827067668,87.48387096774194,90.0,2790.0,0.8193548387096774,2.3225806451612905,10.435483870967742,1.6290322580645162,13.564516129032258,13.758064516129032,14.52258064516129,1.5,40.7,38.7,30.6,14.3,90.4,96.6,45.9,,45.7,39.2
1171,13.0,108.0,492.5,87.5,150.5,133.4,513.1,175.0,2290,22,Pascal Stenzel,midfielder,-1.1321396993810788,104.0909090909091,90.0,1980.0,0.5909090909090909,4.909090909090909,22.386363636363637,3.977272727272727,6.840909090909091,6.063636363636364,23.322727272727274,7.954545454545454,34.9,73.7,80.8,65.5,43.0,44.5,77.5,,67.6,75.1
118919,7.5,32.0,430.5,118.5,241.5,160.4,517.8,75.0,2527,26,Denis Huseinbasic,midfielder,-0.9545345104333868,97.1923076923077,90.0,2340.0,0.28846153846153844,1.2307692307692308,16.55769230769231,4.5576923076923075,9.288461538461538,6.16923076923077,19.915384615384614,2.884615384615384,19.1,13.4,60.7,74.1,63.6,45.9,68.4,,51.3,46.9
53734,42.9,80.0,335.5,130.5,175.5,149.5,220.6,33.0,1942,22,Jan Thielmann,midfielder,4.227191129883844,88.27272727272727,90.0,1980.0,1.9500000000000002,3.6363636363636367,15.25,5.931818181818182,7.9772727272727275,6.795454545454546,10.027272727272727,1.5,78.9,56.4,52.6,88.5,53.6,53.1,26.3,,54.5,51.7
29532,68.8,91.0,248.5,108.5,134.5,103.2,270.7,23.5,1726,32,Christoph Baumgartner,midfielder,7.70136660724896,53.9375,90.0,2880.0,2.15,2.84375,7.765625,3.390625,4.203125,3.225,8.459375,0.734375,81.8,45.4,20.1,56.4,17.7,13.4,20.1,,31.2,23.9
1303,34.6,216.0,823.5,146.5,368.5,283.6,913.4,122.5,4856,33,Benjamin Henrichs,midfielder,0.7166389696717906,147.15151515151516,90.0,2970.0,1.0484848484848486,6.545454545454545,24.954545454545457,4.4393939393939394,11.166666666666666,8.593939393939396,27.67878787878788,3.712121212121212,51.7,83.2,85.1,71.7,81.8,71.3,82.7,,80.2,92.1
355,27.5,39.0,74.5,22.5,47.5,32.6,132.1,16.5,681,14,Emil Forsberg,forward,10.721791044776118,48.642857142857146,90.0,1260.0,1.9642857142857142,2.7857142857142856,5.321428571428571,1.607142857142857,3.392857142857143,2.3285714285714287,9.435714285714285,1.1785714285714286,35.3,29.6,33.0,12.5,,,,,28.9,21.6
2586,28.7,23.0,287.0,38.5,254.0,186.7,352.3,64.0,1905,18,Kristijan Jakic,midfielder,-2.8287773625200208,105.83333333333333,90.0,1620.0,1.5944444444444443,1.277777777777778,15.944444444444443,2.138888888888889,14.111111111111112,10.372222222222222,19.572222222222223,3.5555555555555554,70.3,16.3,58.3,21.5,93.7,86.6,67.0,,54.8,52.1
104008,7.3,25.0,213.5,51.0,83.5,85.6,291.6,51.0,1330,20,Umut Tohumcu,midfielder,1.3992366412213741,66.5,90.0,1800.0,0.365,1.25,10.675,2.55,4.175,4.279999999999999,14.58,2.55,23.9,14.6,33.0,33.0,17.2,23.9,46.4,,28.1,19.6
732,55.7,98.0,151.5,27.5,85.0,95.5,168.5,34.0,1456,26,Kevin Volland,forward,10.449786628733998,56.0,90.0,2340.0,2.1423076923076922,3.769230769230769,5.8269230769230775,1.0576923076923077,3.2692307692307696,3.6730769230769234,6.48076923076923,1.3076923076923077,41.0,51.2,38.7,4.6,,,,,36.7,30.7
9550,159.3,181.0,156.0,84.0,80.5,118.0,297.5,35.5,2244,31,Niclas Füllkrug,forward,10.935323840146992,72.38709677419355,90.0,2790.0,5.138709677419355,5.838709677419354,5.032258064516129,2.709677419354839,2.596774193548387,3.806451612903226,9.596774193548386,1.1451612903225805,83.1,72.8,30.7,43.2,,,,,69.4,77.4
64021,175.4,196.0,350.5,196.0,121.5,114.4,268.9,39.0,2505,29,Omar Marmoush,forward,13.911106557377048,86.37931034482759,90.0,2610.0,6.048275862068965,6.758620689655173,12.086206896551724,6.758620689655173,4.189655172413794,3.944827586206897,9.272413793103446,1.3448275862068966,88.8,80.8,80.8,88.8,,,,,86.0,93.3
49828,50.9,105.0,146.5,58.0,92.5,118.1,192.8,14.5,1446,23,Luca Pfeiffer,midfielder,8.181766381766382,62.869565217391305,90.0,2070.0,2.2130434782608694,4.565217391304348,6.369565217391305,2.5217391304347827,4.021739130434782,5.134782608695652,8.382608695652175,0.6304347826086957,82.7,69.3,13.9,32.0,15.8,32.0,18.7,,32.1,27.3
9586,0.0,10.0,1587.5,212.5,9.0,126.7,223.3,461.5,4016,33,Manuel Riemann,defender,-35.53153961136024,121.6969696969697,90.0,2970.0,0.0,0.30303030303030304,48.1060606060606,6.439393939393939,0.2727272727272727,3.8393939393939394,6.766666666666667,13.984848484848484,,,95.1,,23.5,24.5,2.9,97.0,39.7,40.2
23160,0.3,40.0,46.5,15.0,12.5,14.2,39.0,5.5,244,9,Florent Muslija,midfielder,4.627272727272727,27.11111111111111,69.71428571428571,627.4285714285713,0.04303278688524591,5.7377049180327875,6.6700819672131155,2.1516393442622954,1.7930327868852463,2.0368852459016398,5.594262295081967,0.7889344262295084,2.9,79.4,15.3,22.0,1.0,3.3,5.7,,24.0,17.2
69542,4.3,0.0,36.0,12.0,17.0,3.3,56.0,1.0,292,9,Fábio Carvalho,forward,11.094501718213058,32.44444444444444,83.42857142857142,750.8571428571428,0.5154109589041096,0.0,4.315068493150686,1.4383561643835618,2.0376712328767126,0.3955479452054795,6.712328767123289,0.11986301369863014,4.6,2.3,23.9,10.2,,,,,6.0,2.3
45493,66.1,82.0,82.5,48.5,87.5,87.2,155.2,10.5,1263,26,Jordan,midfielder,6.923397169025812,48.57692307692308,90.0,2340.0,2.542307692307692,3.1538461538461537,3.173076923076923,1.8653846153846154,3.3653846153846154,3.353846153846154,5.9692307692307685,0.4038461538461538,86.6,47.8,3.8,18.2,9.6,15.3,7.7,,20.2,11.5
4255,2.3,10.0,141.5,21.0,43.0,58.1,76.5,12.0,585,13,Robert Gumny,midfielder,-1.1396160558464221,45.0,90.0,1170.0,0.1769230769230769,0.7692307692307693,10.884615384615385,1.6153846153846152,3.307692307692308,4.469230769230769,5.884615384615385,0.9230769230769231,13.9,6.2,35.9,13.2,8.8,24.9,6.7,,17.6,9.1
10619,2.6,16.0,270.0,51.5,187.0,176.7,267.8,61.0,1651,16,Jannik Müller,defender,-13.305211526670753,103.1875,90.0,1440.0,0.1625,1.0,16.875,3.21875,11.687500000000002,11.04375,16.7375,3.8125,,,13.7,,65.7,44.1,39.2,30.4,44.4,46.1
21094,11.7,30.0,979.5,179.5,470.5,588.0,859.4,147.0,4756,32,Jeff Chabot,defender,-19.381296335522137,148.625,90.0,2880.0,0.36562500000000003,0.9375,30.609375,5.609375,14.703125,18.375,26.856250000000003,4.59375,,,61.8,,88.2,89.2,74.5,44.1,79.6,89.2
31336,0.0,0.0,44.0,17.5,66.5,72.9,45.8,8.0,403,10,Noah Loosli,defender,-11.463408521303258,40.3,90.0,900.0,0.0,0.0,4.4,1.75,6.65,7.29,4.58,0.8,,,1.0,,29.4,29.4,1.0,2.0,19.5,8.8
30670,25.799999999999997,29.0,567.5,119.5,159.5,125.3,664.5,139.5,3041,16,Ian Maatsen,midfielder,-1.6961168270826417,190.0625,90.0,1440.0,1.6124999999999998,1.8125000000000002,35.46875,7.46875,9.96875,7.83125,41.53125,8.71875,71.3,25.3,95.2,95.7,70.8,67.0,95.2,,75.0,86.8
6602,29.2,152.0,329.5,119.5,46.5,52.4,335.5,21.0,1662,14,Jadon Sancho,forward,13.621931956257594,118.71428571428571,90.0,1260.0,2.085714285714286,10.857142857142858,23.53571428571429,8.535714285714285,3.3214285714285716,3.742857142857143,23.964285714285715,1.5,38.7,92.2,96.7,92.2,,,,,68.3,76.2
7873,11.1,88.0,1149.5,250.5,426.0,296.5,1226.1,164.0,5437,29,Xaver Schlager,midfielder,-1.3063403781979976,187.48275862068965,90.0,2610.0,0.3827586206896552,3.0344827586206895,39.637931034482754,8.637931034482758,14.689655172413794,10.224137931034484,42.27931034482758,5.655172413793103,24.9,46.9,97.6,98.0,94.2,84.7,96.1,,82.5,95.2
1613,12.4,46.0,251.5,61.0,146.0,110.7,284.4,54.0,1666,23,Aïssa Laïdouni,midfielder,2.037637028014616,72.43478260869566,90.0,2070.0,0.5391304347826087,2.0,10.934782608695652,2.652173913043478,6.3478260869565215,4.8130434782608695,12.365217391304347,2.3478260869565215,32.0,31.1,36.8,34.4,35.9,28.7,37.8,,34.8,29.7
5658,66.7,90.0,404.0,145.0,127.0,103.1,394.3,89.5,2233,21,Dani Olmo,midfielder,7.914013605442178,106.33333333333333,90.0,1890.0,3.176190476190476,4.285714285714286,19.238095238095237,6.904761904761904,6.0476190476190474,4.90952380952381,18.776190476190475,4.261904761904762,93.7,65.0,71.7,93.3,33.0,29.2,63.6,,64.5,69.3
63688,62.0,53.0,234.0,109.5,101.5,92.9,119.9,11.0,1389,26,Faride Alidou,midfielder,9.74034175334324,53.42307692307692,90.0,2340.0,2.3846153846153846,2.0384615384615383,9.0,4.211538461538462,3.9038461538461537,3.5730769230769233,4.611538461538462,0.4230769230769231,84.2,32.0,26.5,67.9,15.3,20.1,2.9,,29.1,21.3
49763,40.5,69.0,810.0,142.0,338.0,369.8,897.2,106.5,4797,32,Mohamed Simakan,midfielder,-8.642793931731985,149.90625,90.0,2880.0,1.265625,2.15625,25.3125,4.4375,10.5625,11.55625,28.0375,3.328125,59.8,34.4,86.1,71.3,75.1,91.3,83.7,,71.2,82.0
67359,0.8999999999999999,10.0,54.0,17.0,39.0,38.3,48.9,12.0,435,6,Kilian Fischer,midfielder,-2.085280373831776,72.5,90.0,540.0,0.15,1.6666666666666665,9.0,2.833333333333333,6.499999999999999,6.383333333333333,8.15,2.0,11.5,23.7,26.5,40.7,38.3,50.2,18.2,,28.3,20.1
44929,255.3,153.0,349.0,146.5,110.5,97.7,475.9,38.5,2853,30,Deniz Undav,forward,14.153010752688173,95.1,90.0,2700.0,8.51,5.1,11.633333333333335,4.883333333333333,3.6833333333333336,3.256666666666667,15.863333333333333,1.2833333333333334,95.6,68.3,79.7,75.1,,,,,82.5,89.9
1185,0.0,0.0,630.5,67.5,0.0,22.0,296.7,166.5,2482,27,Moritz Nicolas,defender,-42.567634018540915,91.92592592592592,90.0,2430.0,0.0,0.0,23.35185185185185,2.5,0.0,0.8148148148148148,10.988888888888889,6.166666666666667,,,40.2,,4.9,2.9,18.6,67.1,15.8,4.9
994,0.3,3.0,88.5,16.0,103.5,68.7,105.7,16.0,603,11,Josuha Guilavogui,defender,-19.637878787878787,54.81818181818182,90.0,990.0,0.02727272727272727,0.2727272727272727,8.045454545454547,1.4545454545454546,9.409090909090908,6.245454545454546,9.60909090909091,1.4545454545454546,,,2.9,,47.0,26.5,13.7,5.9,26.6,20.1
27058,16.8,34.0,272.5,54.5,303.0,236.8,323.8,36.0,2110,29,Tom Krauß,midfielder,-1.5744208494208494,72.75862068965517,90.0,2610.0,0.5793103448275863,1.1724137931034482,9.396551724137932,1.879310344827586,10.448275862068966,8.16551724137931,11.16551724137931,1.2413793103448276,34.0,12.9,27.7,18.7,74.6,69.8,30.1,,33.7,29.2
10145,90.9,83.0,224.0,101.5,130.0,106.3,239.2,26.5,1909,32,Ihlas Bebou,forward,12.185522788203754,59.65625,90.0,2880.0,2.840625,2.59375,7.0,3.171875,4.0625,3.3218749999999995,7.475,0.828125,56.9,22.8,52.3,48.9,,,,,44.8,47.8
30434,0.0,0.0,202.5,13.5,0.0,5.9,75.1,48.5,672,9,Pavao Pervan,defender,-43.78125,74.66666666666667,90.0,810.0,0.0,0.0,22.5,1.5,0.0,0.6555555555555557,8.344444444444445,5.388888888888889,,,35.3,,4.9,2.0,7.8,54.9,12.9,1.0
23329,87.0,86.0,179.5,67.5,93.0,100.8,245.6,40.0,1881,31,Kevin Behrens,forward,13.147258771929824,60.67741935483871,90.0,2790.0,2.8064516129032255,2.774193548387097,5.790322580645161,2.1774193548387095,3.0,3.2516129032258063,7.92258064516129,1.2903225806451613,54.6,28.4,37.6,22.2,,,,,39.4,34.1
104272,61.4,219.0,413.5,200.5,123.5,114.7,231.9,9.0,2484,28,Brajan Gruda,forward,13.903836633663367,88.71428571428571,90.0,2520.0,2.1928571428571426,7.821428571428571,14.767857142857142,7.160714285714286,4.410714285714286,4.0964285714285715,8.282142857142857,0.3214285714285714,44.4,81.9,85.3,91.0,,,,,67.0,71.7
29720,51.0,59.0,505.5,124.5,205.0,205.70000000000002,684.1,88.0,3430,21,Julian Ryerson,midfielder,-1.430920859076199,163.33333333333334,90.0,1890.0,2.428571428571429,2.8095238095238093,24.07142857142857,5.928571428571429,9.761904761904761,9.795238095238096,32.576190476190476,4.190476190476191,85.1,45.0,82.7,88.0,68.9,83.2,88.5,,74.6,85.6
28193,2.9,10.0,57.0,11.5,52.5,29.3,46.7,6.0,316,10,Merveille Papela,midfielder,2.2308441558441556,31.6,81.25714285714287,812.5714285714287,0.32120253164556956,1.1075949367088604,6.313291139240506,1.2737341772151898,5.814873417721518,3.245253164556962,5.1724683544303796,0.6645569620253163,22.0,11.0,13.4,5.7,31.6,14.3,4.3,,14.0,6.7
13567,35.3,111.0,857.0,236.0,291.0,328.1,833.5,101.5,4445,30,Joakim Maehle,midfielder,0.2275011317338163,148.16666666666666,90.0,2700.0,1.1766666666666665,3.7,28.566666666666666,7.866666666666666,9.7,10.936666666666667,27.78333333333333,3.3833333333333333,56.9,57.4,89.4,97.1,68.4,89.4,83.2,,78.1,89.0
56370,7.8,28.0,90.0,35.5,48.5,41.3,109.1,6.5,667,16,Jakub Kaminski,forward,11.295151515151515,41.6875,90.0,1440.0,0.48750000000000004,1.75,5.625,2.21875,3.03125,2.58125,6.81875,0.40624999999999994,3.4,9.7,36.4,25.0,,,,,11.3,4.6
27035,82.2,71.0,422.0,139.5,263.5,191.7,523.8,54.0,3157,31,Junior Dina Ebimbe,midfielder,4.6555627635420045,101.83870967741936,90.0,2790.0,2.6516129032258067,2.290322580645161,13.612903225806452,4.5,8.5,6.183870967741935,16.896774193548385,1.7419354838709677,88.5,36.8,46.4,73.7,58.3,46.4,57.9,,52.8,50.5
1161,10.3,23.0,81.0,12.0,44.0,29.5,151.4,30.0,677,12,Mahmoud Dahoud,midfielder,2.0260740740740744,56.416666666666664,90.0,1080.0,0.8583333333333334,1.9166666666666665,6.75,1.0,3.666666666666667,2.4583333333333335,12.616666666666667,2.5,42.1,28.9,15.8,3.6,13.4,5.7,38.3,,21.0,12.9
13276,9.5,20.0,329.0,35.5,149.5,252.1,425.0,59.0,2567,20,Sebastiaan Bornauw,defender,-17.31704814522494,128.35,90.0,1800.0,0.47500000000000003,1.0,16.45,1.775,7.475,12.604999999999999,21.25,2.95,,,12.7,,32.3,56.9,58.8,19.6,37.8,36.3
56431,9.0,3.0,46.0,19.5,37.5,18.5,47.1,2.0,406,11,Moritz-Broni Kwarteng,forward,12.224433249370279,36.90909090909091,90.0,990.0,0.8181818181818181,0.2727272727272727,4.181818181818182,1.7727272727272725,3.409090909090909,1.6818181818181817,4.281818181818182,0.18181818181818182,6.8,4.6,21.6,14.8,,,,,8.5,3.4
53763,36.2,49.0,88.5,39.0,22.5,26.5,81.9,13.0,638,25,Dion Beljo,forward,12.881906300484653,25.52,65.62285714285714,1640.5714285714287,1.9858934169279,2.6880877742946705,4.855015673981191,2.139498432601881,1.2343260188087772,1.4537617554858933,4.49294670846395,0.713166144200627,36.4,25.0,29.6,18.2,,,,,29.0,22.8
6721,5.8999999999999995,102.0,424.0,74.5,220.5,252.3,365.5,104.5,2402,21,Edimilson Fernandes,defender,-11.194381551362683,114.38095238095238,90.0,1890.0,0.2809523809523809,4.857142857142858,20.19047619047619,3.547619047619048,10.5,12.014285714285714,17.404761904761905,4.976190476190476,,,24.5,,54.9,51.0,43.1,50.0,46.2,49.0
15621,1.7999999999999998,82.0,59.0,10.5,43.0,48.6,109.4,7.0,587,13,Philipp Förster,midfielder,9.783074265975822,45.15384615384615,90.0,1170.0,0.13846153846153844,6.3076923076923075,4.538461538461538,0.8076923076923076,3.307692307692308,3.7384615384615385,8.415384615384616,0.5384615384615385,9.6,82.7,8.6,1.9,8.8,21.5,19.6,,25.1,18.2
38249,6.4,16.0,19.5,15.5,15.5,14.0,21.6,0.5,222,7,Fraser Hornby,forward,14.27953488372093,31.714285714285715,81.55102040816327,570.8571428571429,1.009009009009009,2.5225225225225225,3.0743243243243246,2.4436936936936937,2.4436936936936937,2.2072072072072073,3.4054054054054057,0.07882882882882883,13.7,20.5,6.8,33.0,,,,,19.3,8.0
66510,0.6,10.0,434.0,80.0,149.5,149.7,232.8,90.0,1635,12,Tim Siersleben,defender,-18.275602223594813,136.25,90.0,1080.0,0.05,0.8333333333333333,36.166666666666664,6.666666666666666,12.458333333333334,12.475,19.4,7.5,,,77.4,,71.6,54.9,52.9,75.0,66.0,66.7
10244,3.5,70.0,365.0,64.0,178.0,171.5,279.8,138.5,1661,25,Norman Theuerkauf,midfielder,-6.705128205128205,66.44,90.0,2250.0,0.13999999999999999,2.8,14.6,2.56,7.119999999999999,6.859999999999999,11.192,5.54,10.5,44.5,49.7,33.5,44.0,55.0,30.6,,41.6,34.0
28715,0.0,26.0,172.5,29.0,159.0,87.2,224.3,36.0,1206,21,Nicolas Seiwald,midfielder,-8.43358458961474,57.42857142857143,90.0,1890.0,0.0,1.2380952380952381,8.214285714285714,1.380952380952381,7.571428571428572,4.152380952380953,10.680952380952382,1.7142857142857144,0.7,13.9,22.0,7.7,48.1,23.0,28.7,,22.9,16.3
29304,26.8,36.0,131.5,59.0,81.0,50.7,138.9,14.0,1138,23,Mathias Honsak,midfielder,6.340377697841727,49.47826086956522,90.0,2070.0,1.165217391304348,1.565217391304348,5.717391304347826,2.5652173913043477,3.5217391304347827,2.2043478260869565,6.039130434782609,0.6086956521739131,56.4,21.5,11.5,34.0,11.0,5.3,8.6,,17.2,8.6
45045,40.0,115.0,91.5,37.5,56.5,76.7,223.9,22.0,1455,26,Ludovic Ajorque,midfielder,8.916914366595895,55.96153846153846,90.0,2340.0,1.5384615384615385,4.423076923076923,3.519230769230769,1.442307692307692,2.1730769230769234,2.95,8.611538461538462,0.8461538461538461,67.9,67.0,5.3,8.1,1.9,10.5,21.5,,23.2,16.7
1049,20.6,69.0,840.0,157.5,242.5,312.6,674.9,234.0,3702,23,Milos Veljkovic,defender,-14.37486442516269,160.95652173913044,90.0,2070.0,0.8956521739130435,3.0,36.52173913043478,6.847826086956522,10.543478260869566,13.591304347826087,29.343478260869563,10.173913043478262,,,78.4,,55.9,61.8,80.4,87.2,66.2,67.6
810,0.3,13.0,90.0,21.5,73.5,49.300000000000004,97.2,8.5,523,14,Christoph Kramer,midfielder,-0.3632495164410056,37.357142857142854,90.0,1260.0,0.02142857142857143,0.9285714285714286,6.428571428571428,1.5357142857142856,5.25,3.5214285714285714,6.942857142857144,0.6071428571428572,1.4,7.7,14.3,11.5,24.4,19.6,12.9,,13.6,5.3
27568,49.2,36.0,859.5,104.5,420.5,428.8,749.3,312.0,4373,28,Maxence Lacroix,defender,-16.309009216589864,156.17857142857142,90.0,2520.0,1.7571428571428573,1.2857142857142856,30.696428571428573,3.732142857142857,15.017857142857142,15.314285714285717,26.760714285714286,11.142857142857142,,,62.7,,91.2,76.5,72.5,93.1,79.3,88.2
1359,17.4,15.0,1517.5,300.0,452.0,565.1,1616.6,194.0,7802,33,Waldemar Anton,defender,-12.975861625514403,236.42424242424244,90.0,2970.0,0.5272727272727272,0.4545454545454546,45.984848484848484,9.09090909090909,13.696969696969695,17.124242424242425,48.987878787878785,5.878787878787879,,,93.1,,81.4,84.3,98.0,62.7,85.3,92.1
32401,55.800000000000004,42.0,57.5,41.5,27.5,38.2,77.3,11.5,552,20,Youssoufa Moukoko,forward,12.84188679245283,27.6,70.97142857142858,1419.4285714285716,3.5380434782608696,2.663043478260869,3.6458333333333335,2.6313405797101446,1.743659420289855,2.4221014492753623,4.901268115942028,0.7291666666666666,69.4,23.9,18.2,41.0,,,,,47.5,52.3
31223,81.1,68.0,566.5,111.0,381.5,216.0,565.3,85.5,3381,34,Rocco Reitz,midfielder,-2.7112045659357165,99.44117647058823,90.0,3060.0,2.385294117647059,2.0,16.661764705882355,3.2647058823529416,11.220588235294118,6.352941176470588,16.626470588235293,2.514705882352941,84.7,31.1,61.2,54.0,82.3,49.3,56.9,,57.6,58.8
13752,14.5,89.0,529.5,151.0,255.0,199.9,423.5,87.5,2566,27,Mads Pedersen,midfielder,-0.2994847403884266,95.03703703703704,90.0,2430.0,0.5370370370370371,3.2962962962962963,19.61111111111111,5.592592592592593,9.444444444444445,7.403703703703704,15.685185185185183,3.240740740740741,31.6,50.7,73.2,84.2,66.0,61.7,52.1,,62.9,67.4
296,36.7,39.0,969.5,157.0,297.5,293.7,858.4,244.0,4247,25,Mats Hummels,defender,-13.858191287878787,169.88,90.0,2250.0,1.4680000000000002,1.5599999999999998,38.78,6.279999999999999,11.899999999999999,11.748,34.336,9.76,,,87.2,,68.1,49.0,87.2,86.3,69.0,71.6
1135,13.0,13.0,605.5,88.5,297.0,370.4,565.9,67.5,3180,27,Manuel Gulde,defender,-15.541648177496038,117.77777777777777,90.0,2430.0,0.4814814814814815,0.4814814814814815,22.425925925925924,3.2777777777777777,11.0,13.718518518518518,20.95925925925926,2.5,,,33.3,,59.3,63.7,57.8,13.7,53.0,58.8
10460,66.6,88.0,359.0,88.0,112.0,82.4,364.8,68.5,1760,23,Florian Neuhaus,midfielder,2.9038062283737025,76.52173913043478,90.0,2070.0,2.8956521739130436,3.8260869565217392,15.608695652173914,3.8260869565217392,4.869565217391305,3.582608695652174,15.860869565217392,2.9782608695652173,90.4,58.8,56.0,62.7,22.5,20.6,53.1,,51.7,47.8
68285,10.3,30.0,188.5,33.0,93.0,113.1,187.2,26.0,1127,10,Julián Malatini,defender,-12.999102333931777,112.7,90.0,900.0,1.03,3.0,18.849999999999998,3.3,9.3,11.309999999999999,18.72,2.6,,,19.6,,45.1,47.0,50.0,14.7,39.5,39.2
495,10.0,3.0,150.5,7.5,55.5,75.3,102.7,41.5,681,7,Leonardo Bonucci,defender,-13.188427299703264,97.28571428571429,90.0,630.0,1.4285714285714284,0.4285714285714286,21.5,1.0714285714285714,7.928571428571429,10.757142857142856,14.671428571428573,5.928571428571429,,,28.4,,35.3,42.1,32.8,63.7,37.1,34.3
52945,41.9,126.0,459.0,135.5,219.0,185.6,376.1,56.0,2657,29,Niels Nkounkou,midfielder,-2.2064503816793892,91.62068965517241,90.0,2610.0,1.4448275862068964,4.344827586206897,15.827586206896552,4.672413793103448,7.551724137931035,6.4,12.96896551724138,1.9310344827586206,66.5,66.0,56.9,75.1,47.3,50.7,39.7,,56.7,56.9
29452,25.8,111.0,412.0,112.5,227.0,165.2,508.3,82.5,2762,26,Dejan Ljubicic,midfielder,3.4972814107274064,106.23076923076923,90.0,2340.0,0.9923076923076924,4.269230769230769,15.846153846153847,4.3269230769230775,8.730769230769232,6.3538461538461535,19.55,3.173076923076923,49.3,64.6,57.4,69.3,58.8,49.7,66.5,,60.8,65.0
16789,75.8,180.0,486.0,152.5,204.0,144.7,567.2,47.5,3383,32,Lovro Majer,midfielder,8.43872327612165,105.71875,90.0,2880.0,2.36875,5.625,15.187500000000002,4.765625,6.375,4.521875,17.725,1.484375,83.7,78.0,51.7,78.0,36.3,25.8,62.2,,59.2,62.7
32706,4.6,13.0,194.0,36.0,213.5,164.3,393.4,55.5,1880,24,Aster Vranckx,midfielder,-3.985923118570655,78.33333333333333,90.0,2160.0,0.19166666666666665,0.5416666666666666,8.083333333333334,1.5,8.895833333333334,6.845833333333334,16.391666666666666,2.3125,14.3,4.3,21.5,10.5,60.3,54.0,56.4,,29.3,22.0
1099,26.1,141.0,458.5,144.0,244.5,134.5,506.0,51.5,2757,29,Leonardo Bittencourt,midfielder,2.388646449704142,95.06896551724138,90.0,2610.0,0.9,4.862068965517241,15.810344827586208,4.9655172413793105,8.431034482758621,4.637931034482759,17.448275862068964,1.7758620689655171,44.7,72.7,56.4,81.3,57.9,26.8,61.7,,61.1,66.0
984,9.5,42.0,367.5,63.0,167.5,160.4,317.6,39.5,1952,22,Benno Schmitz,midfielder,-0.08621579762519366,88.72727272727273,90.0,1980.0,0.43181818181818177,1.9090909090909092,16.704545454545453,2.8636363636363633,7.613636363636364,7.290909090909092,14.436363636363637,1.7954545454545454,26.3,28.2,61.7,43.0,50.7,58.8,44.5,,47.0,41.6
22963,34.7,13.0,94.5,32.5,75.5,55.4,81.5,13.0,795,21,Nikola Dovedan,midfielder,6.235438144329897,37.857142857142854,90.0,1890.0,1.6523809523809525,0.6190476190476191,4.5,1.5476190476190474,3.5952380952380953,2.638095238095238,3.880952380952381,0.6190476190476191,72.2,5.3,8.1,12.0,12.4,6.7,2.4,,10.9,3.8
115,25.900000000000002,51.0,850.5,145.5,405.0,327.4,951.2,210.5,4413,25,Emre Can,midfielder,-7.553450639853748,176.52,90.0,2250.0,1.036,2.04,34.02,5.819999999999999,16.2,13.095999999999998,38.048,8.42,51.2,32.5,94.2,86.6,97.6,95.2,93.3,,79.4,90.9
1250,21.9,52.0,1129.0,212.5,393.0,416.8,1028.1,231.0,4987,30,Florian Grillitsch,midfielder,-9.782953399233406,166.23333333333332,90.0,2700.0,0.73,1.7333333333333334,37.63333333333333,7.083333333333334,13.1,13.893333333333334,34.269999999999996,7.699999999999999,38.3,24.9,95.7,94.2,89.0,97.6,89.4,,76.7,88.5
1030,0.0,0.0,691.5,53.5,1.0,55.8,251.8,160.0,2038,33,Lukas Hradecky,defender,-42.001030421982335,61.75757575757576,90.0,2970.0,0.0,0.0,20.954545454545453,1.621212121212121,0.030303030303030304,1.690909090909091,7.630303030303031,4.848484848484849,,,25.5,,10.8,12.7,4.9,47.0,15.5,3.9
53127,40.2,118.0,283.0,69.0,169.0,118.1,246.7,51.0,1765,32,Arne Engels,midfielder,4.309286128845038,55.15625,90.0,2880.0,1.25625,3.6875,8.84375,2.15625,5.28125,3.690625,7.709375,1.59375,59.3,56.9,24.4,22.5,25.8,21.0,16.3,,31.3,24.6
4539,0.0,0.0,67.0,13.0,61.5,85.4,83.2,20.0,505,7,Maxim Leitsch,defender,-18.38545816733068,72.14285714285714,90.0,630.0,0.0,0.0,9.571428571428571,1.8571428571428572,8.785714285714286,12.200000000000001,11.885714285714286,2.8571428571428568,,,3.9,,43.1,52.9,22.5,17.6,34.9,32.3
45518,62.5,59.0,171.5,100.0,30.0,39.9,163.4,15.5,1206,27,Silas,forward,15.411724723874256,44.666666666666664,90.0,2430.0,2.314814814814815,2.185185185185185,6.351851851851852,3.7037037037037037,1.1111111111111112,1.4777777777777776,6.051851851851851,0.5740740740740741,47.8,14.8,45.5,59.2,,,,,40.1,36.4
21335,29.3,230.0,185.0,58.0,168.0,117.6,154.6,20.5,1539,22,Fredrik Jensen,forward,11.356362425049968,69.95454545454545,90.0,1980.0,1.3318181818181818,10.454545454545455,8.40909090909091,2.6363636363636367,7.636363636363637,5.345454545454545,7.027272727272727,0.9318181818181819,23.9,89.9,62.6,42.1,,,,,49.3,55.8
1202,0.0,0.0,284.5,7.5,0.0,20.7,136.5,54.5,966,11,Sven Ulreich,defender,-40.277122153209106,87.81818181818181,90.0,990.0,0.0,0.0,25.863636363636367,0.6818181818181819,0.0,1.8818181818181818,12.409090909090908,4.954545454545455,,,50.0,,4.9,15.7,23.5,49.0,21.2,9.8
33328,0.0,0.0,164.5,13.5,0.0,12.4,68.4,34.0,678,7,Jonas Omlin,defender,-41.52846607669616,96.85714285714286,90.0,630.0,0.0,0.0,23.5,1.9285714285714286,0.0,1.7714285714285716,9.771428571428572,4.857142857142858,,,41.2,,4.9,14.7,14.7,48.0,18.2,7.8
49804,34.2,72.0,206.0,92.0,145.0,93.3,252.1,44.5,1756,30,Nick Woltemade,midfielder,8.201515151515151,58.53333333333333,90.0,2700.0,1.1400000000000001,2.4000000000000004,6.866666666666666,3.066666666666667,4.833333333333333,3.11,8.403333333333332,1.4833333333333334,54.5,39.7,16.3,49.3,22.0,12.0,19.1,,27.3,19.1
715,90.9,173.0,276.5,99.5,139.5,105.2,448.7,36.0,2115,26,Marco Reus,midfielder,7.222861285645239,81.34615384615384,90.0,2340.0,3.4961538461538466,6.653846153846154,10.634615384615385,3.826923076923077,5.365384615384616,4.046153846153846,17.25769230769231,1.3846153846153846,95.2,83.7,32.0,63.1,26.8,22.5,60.3,,51.6,47.3
1019,23.5,0.0,523.5,78.5,280.5,353.1,434.8,121.5,2618,21,John Brooks,defender,-17.744315992292872,124.66666666666667,90.0,1890.0,1.119047619047619,0.0,24.92857142857143,3.738095238095238,13.357142857142858,16.814285714285717,20.704761904761906,5.785714285714285,,,47.0,,80.4,82.3,56.9,61.8,71.0,74.5
21331,5.2,26.0,41.0,15.5,11.0,21.7,58.8,6.0,394,14,Sébastien Haller,midfielder,8.989417989417989,28.142857142857142,72.36734693877551,1013.1428571428571,0.46192893401015234,2.3096446700507616,3.6421319796954315,1.3769035532994924,0.9771573604060914,1.9276649746192893,5.223350253807106,0.5329949238578681,27.7,38.3,5.7,7.2,0.5,2.9,4.8,,12.4,4.5
98,31.7,520.0,1061.5,173.0,258.0,179.3,1421.7,272.0,6183,28,Joshua Kimmich,midfielder,3.4326570361954225,220.82142857142858,90.0,2520.0,1.1321428571428571,18.57142857142857,37.910714285714285,6.178571428571429,9.214285714285714,6.403571428571429,50.775000000000006,9.714285714285715,53.6,98.0,96.1,90.9,63.1,51.2,97.6,,86.9,97.6
48597,12.4,98.0,630.5,97.0,251.5,236.7,665.6,98.0,3860,31,Joe Scally,midfielder,-8.446023468057366,124.51612903225806,90.0,2790.0,0.4,3.1612903225806455,20.338709677419356,3.129032258064516,8.112903225806452,7.635483870967742,21.470967741935485,3.1612903225806455,25.3,48.3,75.6,50.2,55.0,64.1,72.7,,61.0,65.5
57297,8.4,25.0,1397.0,201.5,494.5,639.0,1259.0,167.5,6901,33,Willian Pacho,defender,-16.456229103067304,209.12121212121212,90.0,2970.0,0.2545454545454545,0.7575757575757576,42.333333333333336,6.106060606060606,14.984848484848486,19.363636363636363,38.15151515151515,5.075757575757576,,,90.2,,90.2,94.1,89.2,52.0,89.4,95.1
53703,131.6,115.0,440.5,218.5,178.5,101.1,501.7,26.0,2898,24,Jamal Musiala,forward,14.1231822971549,120.75,90.0,2160.0,5.483333333333333,4.791666666666667,18.354166666666668,9.104166666666666,7.4375,4.2124999999999995,20.904166666666665,1.0833333333333333,86.5,63.7,93.3,94.4,,,,,81.6,87.6
1169,98.8,401.0,539.0,164.5,137.0,87.2,933.2,133.5,4147,32,Jonas Hofmann,forward,14.801268602098073,129.59375,90.0,2880.0,3.0875,12.53125,16.84375,5.140625,4.28125,2.725,29.1625,4.171875,61.4,94.4,88.8,80.8,,,,,76.5,83.1
9198,91.2,110.0,145.0,86.0,113.0,115.4,301.6,25.5,1983,27,Wout Weghorst,forward,10.189487312273434,73.44444444444444,90.0,2430.0,3.3777777777777778,4.074074074074074,5.37037037037037,3.185185185185185,4.185185185185185,4.274074074074075,11.170370370370371,0.9444444444444444,64.9,56.9,35.3,51.2,,,,,58.3,60.3
47122,30.4,91.0,389.0,84.5,173.5,165.4,340.2,85.5,2163,28,Olivier Deman,midfielder,-4.385216572504708,77.25,90.0,2520.0,1.0857142857142856,3.2499999999999996,13.892857142857144,3.017857142857143,6.196428571428572,5.9071428571428575,12.15,3.0535714285714284,52.1,49.7,46.9,46.9,34.9,42.1,36.3,,44.1,38.3
41166,3.1999999999999997,26.0,59.5,9.5,39.0,31.8,70.5,11.0,381,11,Pep Biel,midfielder,9.587935656836462,34.63636363636363,89.06493506493506,979.7142857142857,0.29396325459317585,2.388451443569554,5.465879265091864,0.8727034120734909,3.582677165354331,2.9212598425196856,6.4763779527559056,1.010498687664042,20.1,39.2,11.0,2.4,12.0,10.0,11.5,,16.4,8.1
205,0.0,0.0,262.0,12.0,0.0,22.8,170.2,106.5,1060,13,Péter Gulácsi,defender,-38.00471698113208,81.53846153846153,90.0,1170.0,0.0,0.0,20.153846153846153,0.9230769230769231,0.0,1.7538461538461538,13.092307692307692,8.192307692307692,,,22.5,,4.9,13.7,26.5,80.4,17.0,6.9
9293,0.8999999999999999,73.0,238.0,41.0,91.0,113.0,236.3,34.5,1398,15,Stefan Lainer,midfielder,-5.7190166305133765,93.2,90.0,1350.0,0.06,4.866666666666666,15.866666666666665,2.7333333333333334,6.066666666666666,7.533333333333332,15.753333333333334,2.3000000000000003,5.5,73.2,57.9,37.5,33.5,62.7,52.6,,52.1,49.3
67486,45.0,182.0,732.5,201.0,619.5,440.6,776.1,101.0,4481,33,Anton Stach,midfielder,-1.3226555455365194,135.78787878787878,90.0,2970.0,1.3636363636363638,5.515151515151516,22.196969696969695,6.090909090909092,18.772727272727273,13.351515151515153,23.51818181818182,3.0606060606060606,62.7,77.5,80.3,90.4,99.0,96.1,78.0,,83.1,96.1
51629,82.0,113.0,302.0,139.0,109.0,114.2,374.4,31.0,2250,34,Jamie Leweling,forward,12.856863636363636,66.17647058823529,90.0,3060.0,2.411764705882353,3.323529411764706,8.882352941176471,4.088235294117647,3.205882352941176,3.3588235294117643,11.011764705882353,0.911764705882353,51.2,43.2,66.0,61.4,,,,,51.6,56.9
10430,42.5,89.0,215.0,73.0,208.0,105.9,336.3,56.5,1938,20,Marvin Mehlem,midfielder,4.344802110817942,96.9,90.0,1800.0,2.125,4.45,10.75,3.65,10.4,5.295,16.815,2.825,80.8,67.4,34.2,59.1,74.1,35.9,57.4,,55.2,53.6
105937,38.699999999999996,71.0,240.0,138.5,60.5,64.8,221.8,19.0,1609,25,Jamie Gittens,forward,11.907016434892542,64.36,90.0,2250.0,1.5479999999999996,2.8400000000000003,9.600000000000001,5.54,2.42,2.592,8.872,0.7599999999999999,27.3,30.7,74.0,81.9,,,,,41.6,38.7
1274,13.200000000000001,16.0,786.5,97.5,162.0,228.9,953.5,280.5,4159,23,Niklas Süle,defender,-14.980163894914437,180.82608695652175,90.0,2070.0,0.5739130434782609,0.6956521739130435,34.19565217391304,4.239130434782608,7.043478260869565,9.95217391304348,41.45652173913043,12.195652173913045,,,71.6,,31.4,35.3,93.1,95.1,50.0,56.4
8367,30.3,52.0,308.0,47.5,276.5,242.0,391.7,65.5,2346,25,Elvis Rexhbecaj,midfielder,1.1559065339679793,93.84,90.0,2250.0,1.212,2.08,12.32,1.9000000000000001,11.06,9.68,15.668,2.62,58.3,33.5,41.1,19.6,80.3,82.3,51.7,,47.8,43.0
106696,0.0,0.0,41.5,8.0,23.0,24.0,47.5,6.0,247,7,Fabio Chiarodia,defender,-21.77591836734694,35.285714285714285,90.0,630.0,0.0,0.0,5.928571428571429,1.1428571428571428,3.285714285714286,3.428571428571429,6.785714285714286,0.8571428571428572,,,2.0,,24.5,23.5,3.9,2.9,16.6,5.9
10517,6.9,358.0,427.5,65.0,167.0,198.6,311.3,56.5,2336,26,Christopher Trimmel,midfielder,-0.2520138588133392,89.84615384615384,90.0,2340.0,0.2653846153846154,13.76923076923077,16.44230769230769,2.5,6.4230769230769225,7.638461538461539,11.973076923076924,2.1730769230769234,17.7,94.7,60.3,31.6,36.8,64.6,35.9,,55.2,53.6
66678,95.2,64.0,199.5,95.5,81.5,56.6,270.3,28.0,1635,30,Mathys Tel,forward,15.079838207840696,54.5,90.0,2700.0,3.1733333333333333,2.1333333333333333,6.65,3.1833333333333336,2.716666666666667,1.8866666666666667,9.01,0.9333333333333333,62.6,13.7,47.8,50.1,,,,,44.7,46.1
1297,33.9,268.0,877.0,199.0,396.5,324.6,1074.6,110.5,5186,31,Maximilian Mittelstädt,midfielder,-0.2125510005828638,167.29032258064515,90.0,2790.0,1.0935483870967742,8.64516129032258,28.290322580645164,6.419354838709677,12.79032258064516,10.470967741935484,34.66451612903226,3.5645161290322585,52.6,90.9,89.0,91.8,88.5,87.0,89.9,,87.8,98.5
582,0.0,0.0,772.0,61.0,1.0,34.2,340.2,277.0,2131,23,Manuel Neuer,defender,-41.035838421794274,92.65217391304348,90.0,2070.0,0.0,0.0,33.56521739130435,2.652173913043478,0.043478260869565216,1.4869565217391307,14.791304347826088,12.043478260869565,,,70.6,,12.7,10.8,34.3,94.1,29.9,27.4
1902,103.4,129.0,399.5,98.5,105.5,89.5,396.2,56.0,2513,27,Alassane Pléa,forward,10.986137008512364,93.07407407407408,90.0,2430.0,3.8296296296296295,4.777777777777778,14.796296296296298,3.6481481481481484,3.9074074074074074,3.314814814814815,14.674074074074074,2.0740740740740744,72.8,62.6,86.5,58.0,,,,,67.5,72.8
31977,32.3,118.0,461.5,201.0,116.5,108.7,347.3,24.0,2283,31,Linton Maina,forward,11.908747779751332,73.64516129032258,90.0,2790.0,1.0419354838709678,3.806451612903226,14.88709677419355,6.483870967741935,3.758064516129032,3.5064516129032257,11.203225806451615,0.7741935483870968,15.9,52.3,87.6,85.3,,,,,44.3,43.2
1050,13.299999999999999,10.0,481.5,75.5,450.5,349.3,742.4,83.5,3434,28,Nicolas Höfler,midfielder,-5.396206997941782,122.64285714285714,90.0,2520.0,0.4749999999999999,0.3571428571428571,17.19642857142857,2.6964285714285716,16.089285714285715,12.475000000000001,26.514285714285712,2.982142857142857,28.7,1.9,64.1,36.3,96.6,94.2,82.3,,56.2,55.7
1249,6.7,10.0,419.0,69.5,199.5,283.9,468.7,42.0,2772,24,Marvin Friedrich,defender,-19.67918781725888,115.5,90.0,2160.0,0.2791666666666667,0.41666666666666663,17.458333333333332,2.8958333333333335,8.3125,11.829166666666666,19.529166666666665,1.75,,,17.6,,39.2,50.0,54.9,6.9,38.1,37.2
8137,4.1000000000000005,23.0,23.0,4.5,5.0,14.8,24.4,3.5,248,8,Mergim Berisha,forward,11.493697478991596,31.0,79.71428571428571,637.7142857142857,0.5786290322580646,3.245967741935484,3.245967741935484,0.6350806451612904,0.7056451612903227,2.088709677419355,3.443548387096774,0.49395161290322587,5.7,37.6,11.4,2.3,,,,,14.9,5.7
13710,45.5,90.0,328.0,81.0,128.0,132.0,344.3,58.0,2151,25,Robert Skov,midfielder,5.279528301886793,86.04,90.0,2250.0,1.8199999999999998,3.6,13.120000000000001,3.2399999999999998,5.12,5.28,13.772,2.32,75.6,55.7,45.0,53.6,23.4,35.4,42.1,,45.4,38.7
23365,44.7,30.0,57.0,26.0,59.5,48.1,72.8,-1.5,785,25,Steffen Tigges,midfielder,6.793619791666667,31.4,80.74285714285713,2018.5714285714284,1.9929936305732487,1.3375796178343948,2.5414012738853504,1.159235668789809,2.6528662420382165,2.144585987261147,3.245859872611465,-0.06687898089171974,79.4,17.7,1.9,4.3,4.8,4.8,1.4,,9.7,2.9
4245,0.0,10.0,209.0,47.5,60.0,83.5,149.1,25.5,927,11,Thomas Isherwood,defender,-19.247973713033957,84.27272727272727,90.0,990.0,0.0,0.9090909090909092,19.0,4.3181818181818175,5.454545454545455,7.590909090909091,13.554545454545455,2.3181818181818183,,,20.6,,28.4,30.4,28.4,12.7,26.7,22.1
9867,107.2,96.0,265.0,149.0,91.5,98.0,164.1,10.0,1685,29,Takuma Asano,forward,15.359076923076923,58.10344827586207,90.0,2610.0,3.6965517241379313,3.310344827586207,9.137931034482758,5.137931034482759,3.1551724137931036,3.3793103448275863,5.658620689655172,0.3448275862068965,71.7,41.0,69.4,79.7,,,,,64.0,68.3
6636,28.8,48.0,808.5,148.0,585.5,616.5,669.4,122.5,4753,33,Bernardo,midfielder,-7.931401789518534,144.03030303030303,90.0,2970.0,0.8727272727272727,1.4545454545454546,24.499999999999996,4.484848484848484,17.742424242424242,18.681818181818183,20.284848484848485,3.712121212121212,43.0,19.6,83.2,73.2,98.5,99.0,69.8,,68.5,75.6
10483,4.3,30.0,70.5,6.5,58.0,41.1,105.0,24.5,567,20,Denis Thomalla,midfielder,-0.7188509874326748,28.35,72.9,1458.0,0.2654320987654321,1.8518518518518519,4.351851851851852,0.4012345679012346,3.5802469135802473,2.537037037037037,6.481481481481482,1.5123456790123457,18.2,26.3,7.7,0.5,11.5,6.2,12.0,,12.4,4.5
52475,93.4,148.0,366.5,175.5,243.5,181.0,316.8,31.0,2553,31,Ansgar Knauff,midfielder,8.357383627608346,82.35483870967742,90.0,2790.0,3.0129032258064514,4.774193548387097,11.82258064516129,5.661290322580645,7.854838709677419,5.838709677419354,10.219354838709679,1.0,92.3,71.7,37.8,85.1,52.1,41.1,27.7,,52.8,50.5
5559,3.2,46.0,228.0,43.5,137.5,111.3,186.2,51.0,1364,21,Cristian Gamboa,midfielder,-3.853234200743494,64.95238095238095,90.0,1890.0,0.1523809523809524,2.1904761904761907,10.857142857142858,2.0714285714285716,6.5476190476190474,5.3,8.866666666666667,2.428571428571429,12.0,34.9,35.4,21.0,39.7,36.3,23.0,,31.5,25.3
21832,51.1,639.0,574.0,194.0,168.0,175.3,484.2,49.5,3384,32,Franck Honorat,midfielder,8.988201911589009,105.75,90.0,2880.0,1.596875,19.96875,17.9375,6.0625,5.25,5.478125,15.13125,1.5468750000000002,70.8,98.5,66.5,89.9,24.4,37.8,48.3,,65.0,70.8
13493,37.6,32.0,386.5,67.0,334.0,217.7,521.8,75.5,2454,21,Amadou Haidara,midfielder,-1.7917836498761353,116.85714285714286,90.0,1890.0,1.7904761904761906,1.523809523809524,18.404761904761905,3.1904761904761902,15.904761904761905,10.366666666666667,24.847619047619045,3.5952380952380953,75.1,20.1,69.3,51.7,96.1,86.1,80.3,,64.5,69.3
27161,120.4,294.0,556.5,265.0,198.0,144.1,619.8,57.0,3511,31,Jeremie Frimpong,forward,14.907683386488836,113.25806451612904,90.0,2790.0,3.883870967741936,9.483870967741936,17.951612903225808,8.548387096774192,6.387096774193548,4.648387096774194,19.993548387096773,1.838709677419355,74.0,85.3,92.2,93.3,,,,,82.2,88.8
32176,63.2,46.0,70.5,30.0,30.5,29.2,82.3,3.5,823,21,Tomas Cvancara,forward,11.192634207240948,39.19047619047619,90.0,1890.0,3.00952380952381,2.1904761904761907,3.357142857142857,1.4285714285714284,1.4523809523809523,1.3904761904761904,3.9190476190476193,0.16666666666666669,59.2,15.9,13.7,9.1,,,,,33.9,25.0
1025,3.1999999999999997,26.0,311.5,50.0,184.0,143.0,505.6,75.5,2250,23,Salih Özcan,midfielder,-3.5898335582546106,97.82608695652173,90.0,2070.0,0.1391304347826087,1.1304347826086956,13.543478260869566,2.1739130434782608,8.0,6.217391304347826,21.982608695652175,3.282608695652174,10.0,12.0,45.9,23.9,54.3,47.8,74.1,,40.7,32.5
957,35.3,49.0,298.0,55.0,197.0,192.1,424.6,34.5,2226,25,Yannick Gerhardt,midfielder,1.6470802919708032,89.04,90.0,2250.0,1.412,1.96,11.92,2.2,7.88,7.683999999999999,16.984,1.38,64.1,30.1,38.7,24.4,52.6,65.5,58.3,,43.2,36.6
2027,31.3,65.0,493.0,62.0,437.0,291.2,828.0,127.5,3705,27,Ellyes Skhiri,midfielder,-5.745449606085303,137.22222222222223,90.0,2430.0,1.1592592592592592,2.4074074074074074,18.25925925925926,2.2962962962962963,16.185185185185183,10.785185185185185,30.666666666666664,4.722222222222222,55.5,40.2,68.9,26.3,97.1,89.0,86.6,,66.1,72.0
23157,2.6,33.0,322.5,68.5,179.5,152.7,296.9,41.0,1570,19,Christian Groß,defender,-10.725741935483873,82.63157894736842,90.0,1710.0,0.1368421052631579,1.736842105263158,16.973684210526315,3.605263157894737,9.447368421052632,8.036842105263158,15.626315789473685,2.1578947368421053,,,15.2,,48.0,32.3,36.3,9.8,33.6,31.4
19670,6.8999999999999995,0.0,32.5,20.5,32.5,25.0,75.9,0.5,419,14,Eljif Elmas,midfielder,9.256416464891041,29.928571428571427,76.95918367346938,1077.4285714285713,0.5763723150357996,0.0,2.7147971360381864,1.7124105011933175,2.7147971360381864,2.088305489260143,6.340095465393795,0.041766109785202864,33.5,0.7,3.3,16.3,5.3,3.8,10.0,,6.9,1.0
1077,24.700000000000003,121.0,146.5,43.0,119.0,122.2,120.9,27.0,1120,15,Felix Passlack,midfielder,4.43076923076923,74.66666666666667,90.0,1350.0,1.646666666666667,8.066666666666666,9.766666666666666,2.8666666666666667,7.933333333333333,8.146666666666667,8.06,1.8,71.7,89.0,28.7,43.5,53.1,68.9,17.7,,48.4,45.2
12150,48.8,81.0,742.5,106.0,328.5,187.7,1462.1,142.5,5780,24,Exequiel Palacios,midfielder,2.092175273865415,240.83333333333334,90.0,2160.0,2.033333333333333,3.375,30.9375,4.416666666666667,13.687499999999998,7.820833333333333,60.92083333333333,5.9375,79.9,52.1,92.3,70.8,91.8,66.5,98.5,,81.1,93.3
23016,0.0,0.0,533.5,22.5,0.0,56.6,377.5,193.5,2374,21,Janis Blaswich,defender,-35.49191238416175,113.04761904761905,90.0,1890.0,0.0,0.0,25.404761904761905,1.0714285714285714,0.0,2.6952380952380954,17.976190476190478,9.214285714285714,,,49.0,,4.9,21.6,44.1,83.3,26.6,20.1
32214,33.4,23.0,1837.0,296.5,513.5,516.4,1558.6,462.0,7816,33,Nico Schlotterbeck,defender,-14.424069797279959,236.84848484848484,90.0,2970.0,1.012121212121212,0.696969696969697,55.666666666666664,8.984848484848484,15.560606060606062,15.648484848484848,47.230303030303034,14.0,,,98.0,,93.1,78.4,96.1,98.0,90.2,97.0
817,26.6,109.0,222.5,72.5,182.5,164.5,235.9,33.5,1757,24,Matus Bero,midfielder,4.665492957746479,73.20833333333333,90.0,2160.0,1.1083333333333334,4.541666666666667,9.270833333333334,3.0208333333333335,7.604166666666667,6.854166666666667,9.829166666666667,1.3958333333333333,53.1,68.9,27.3,47.3,49.5,54.5,24.4,,43.2,36.6
7594,9.3,117.0,810.0,166.0,290.5,179.7,964.4,82.5,4357,29,Konrad Laimer,midfielder,3.3218034682080924,150.24137931034483,90.0,2610.0,0.3206896551724138,4.0344827586206895,27.931034482758623,5.724137931034483,10.017241379310345,6.196551724137931,33.255172413793105,2.844827586206897,21.5,61.7,88.5,85.6,71.3,47.3,89.0,,74.9,86.1
1481,105.0,709.0,1076.0,201.0,368.0,331.1,799.8,195.0,5355,32,Kevin Stöger,midfielder,8.09033597583994,167.34375,90.0,2880.0,3.28125,22.15625,33.625,6.28125,11.5,10.346875,24.99375,6.09375,94.2,99.0,93.7,91.3,83.7,85.1,80.8,,90.7,99.0
48386,70.2,62.0,603.5,92.0,432.0,506.6,494.3,117.5,3163,27,Keven Schlotterbeck,defender,-14.173846153846155,117.14814814814815,90.0,2430.0,2.6,2.2962962962962963,22.351851851851855,3.4074074074074074,16.0,18.762962962962963,18.30740740740741,4.351851851851852,,,32.3,,94.1,91.2,47.0,38.2,73.4,78.4
44886,27.0,136.0,412.0,118.5,106.0,113.4,345.9,66.0,2194,29,Marius Bülter,midfielder,5.7474388555606835,75.65517241379311,90.0,2610.0,0.9310344827586207,4.689655172413793,14.206896551724137,4.086206896551724,3.655172413793103,3.910344827586207,11.927586206896551,2.2758620689655173,45.4,71.3,48.3,66.5,12.9,22.0,34.9,,45.9,39.9
4123,189.1,105.0,361.5,171.5,93.5,86.8,310.4,31.0,2191,27,Donyell Malen,forward,15.093497445424989,81.14814814814815,90.0,2430.0,7.003703703703703,3.888888888888889,13.38888888888889,6.351851851851852,3.462962962962963,3.2148148148148143,11.496296296296297,1.1481481481481481,93.3,55.8,83.1,84.2,,,,,79.7,85.3
52556,28.2,42.0,458.5,105.5,527.0,368.8,684.0,58.5,3705,30,Eric Martel,midfielder,-5.086192698325556,123.5,90.0,2700.0,0.94,1.4,15.283333333333333,3.5166666666666666,17.566666666666666,12.293333333333333,22.8,1.9500000000000002,45.9,18.7,53.1,57.9,98.0,93.7,76.0,,58.5,60.0
117827,3.5,26.0,128.5,23.5,104.0,122.0,95.6,15.0,775,16,Tim Oermann,midfielder,-4.547313237221494,48.4375,90.0,1440.0,0.21875,1.6249999999999998,8.03125,1.46875,6.499999999999999,7.625,5.975,0.9375,16.7,22.2,21.0,9.3,38.3,63.6,8.1,,22.6,15.8
52319,10.6,0.0,188.0,32.5,48.5,75.8,177.8,42.0,964,11,Hrvoje Smolcic,defender,-18.75808133472367,87.63636363636364,90.0,990.0,0.9636363636363636,0.0,17.09090909090909,2.954545454545455,4.409090909090909,6.890909090909091,16.163636363636364,3.8181818181818183,,,16.7,,26.5,27.4,37.2,31.4,26.1,17.6
231,442.5,156.0,346.0,158.0,118.0,89.3,349.8,109.0,2632,32,Harry Kane,forward,15.252045188936501,82.25,90.0,2880.0,13.828125,4.875,10.8125,4.9375,3.6875,2.790625,10.93125,3.4062499999999996,99.0,64.9,78.5,77.4,,,,,83.4,92.2
47830,69.7,94.0,248.0,132.0,118.5,91.2,232.4,20.5,1738,32,Nathan Ngoumou,forward,10.57504414361389,54.3125,90.0,2880.0,2.178125,2.9375,7.75,4.125,3.703125,2.85,7.2625,0.640625,42.1,31.9,61.4,63.7,,,,,44.3,43.2
5675,0.0,10.0,193.0,61.0,87.5,99.2,134.2,9.5,1010,13,Luca Kilian,defender,-17.419781312127235,77.6923076923077,90.0,1170.0,0.0,0.7692307692307693,14.846153846153847,4.6923076923076925,6.730769230769231,7.630769230769231,10.323076923076922,0.7307692307692308,,,9.8,,30.4,31.4,16.7,1.0,23.7,13.2
23327,51.9,52.0,617.0,85.5,260.5,228.5,1035.7,83.5,4138,28,Robert Andrich,midfielder,-0.6428467153284674,147.78571428571428,90.0,2520.0,1.8535714285714284,1.8571428571428572,22.035714285714285,3.0535714285714284,9.303571428571429,8.160714285714285,36.989285714285714,2.982142857142857,76.5,26.8,78.9,48.3,64.6,69.3,92.3,,64.7,70.3
33537,72.4,205.0,327.5,128.0,183.5,128.2,310.7,22.5,2369,31,Rubén Vargas,forward,13.233347826086957,76.41935483870968,90.0,2790.0,2.3354838709677423,6.612903225806452,10.564516129032258,4.129032258064516,5.919354838709678,4.135483870967741,10.02258064516129,0.7258064516129032,48.9,79.7,77.4,64.9,,,,,62.8,66.0
1159,0.0,20.0,1007.5,112.5,0.0,36.5,379.4,392.0,2797,27,Michael Zetterer,defender,-42.43282087951377,103.5925925925926,90.0,2430.0,0.0,0.7407407407407408,37.31481481481481,4.166666666666666,0.0,1.3518518518518519,14.051851851851852,14.518518518518519,,,82.3,,4.9,8.8,30.4,99.0,28.8,25.5
118657,18.7,86.0,511.0,144.5,277.5,223.0,352.7,62.0,2602,24,Max Finkgräfe,midfielder,-2.142929292929293,108.41666666666667,90.0,2160.0,0.7791666666666667,3.5833333333333335,21.291666666666668,6.020833333333334,11.562499999999998,9.291666666666668,14.695833333333333,2.5833333333333335,39.7,54.5,78.0,89.4,84.7,78.9,46.9,,68.9,76.5
1083,0.0,50.0,245.5,32.5,77.5,71.9,208.2,48.0,1164,12,Dominique Heintz,midfielder,-7.273483535528596,97.0,90.0,1080.0,0.0,4.166666666666666,20.458333333333332,2.708333333333333,6.458333333333333,5.991666666666667,17.349999999999998,4.0,0.7,63.1,76.5,36.8,37.3,43.5,61.2,,56.2,55.7
51853,7.8,142.0,410.5,106.0,217.5,199.0,358.5,16.0,2545,23,Rasmus Carstensen,midfielder,-0.8549183592194344,110.65217391304348,90.0,2070.0,0.3391304347826087,6.173913043478262,17.84782608695652,4.608695652173913,9.456521739130434,8.652173913043478,15.58695652173913,0.6956521739130435,23.0,82.3,66.0,74.6,66.5,72.2,51.2,,66.1,72.0
568,29.0,9.0,1040.5,256.0,376.0,487.8,1030.0,122.0,5113,30,Nico Elvedi,defender,-16.883408600039267,170.43333333333334,90.0,2700.0,0.9666666666666666,0.30000000000000004,34.68333333333333,8.533333333333333,12.533333333333333,16.26,34.333333333333336,4.066666666666666,,,74.5,,73.5,80.4,86.3,34.8,75.1,81.8
1174,13.200000000000001,46.0,469.0,92.5,182.5,137.6,725.0,110.0,3003,24,Kevin Kampl,midfielder,0.5860738255033557,125.125,90.0,2160.0,0.55,1.9166666666666665,19.541666666666664,3.854166666666667,7.604166666666667,5.733333333333333,30.208333333333332,4.583333333333333,32.5,28.9,72.7,64.1,49.5,40.2,85.6,,57.9,59.3
51600,23.9,164.0,427.5,102.0,156.0,125.9,517.0,58.0,2550,21,Fabian Nürnberger,midfielder,0.8860714285714286,121.42857142857143,90.0,1890.0,1.138095238095238,7.80952380952381,20.357142857142858,4.857142857142858,7.428571428571429,5.995238095238095,24.619047619047617,2.761904761904762,54.0,87.5,76.0,79.9,46.4,44.0,79.4,,72.1,83.2
103125,6.6,6.0,332.5,52.5,128.0,119.6,325.1,86.5,1753,14,Clemens Riedel,midfielder,-9.350775416427341,125.21428571428571,90.0,1260.0,0.4714285714285714,0.4285714285714286,23.75,3.75,9.142857142857142,8.542857142857143,23.22142857142857,6.178571428571429,28.2,2.4,81.8,61.5,62.2,70.8,76.5,,56.9,58.1
997,2.9,10.0,1266.0,168.0,300.0,485.6,895.8,352.5,4745,32,Kevin Vogt,defender,-17.645946519524617,148.28125,90.0,2880.0,0.090625,0.3125,39.5625,5.25,9.375,15.175,27.99375,11.015625,,,89.2,,46.1,73.5,77.4,92.1,68.4,70.6
16142,41.3,43.0,459.0,108.0,250.0,263.7,537.0,87.5,2871,20,Ko Itakura,defender,-14.037354497354498,143.55,90.0,1800.0,2.065,2.15,22.95,5.3999999999999995,12.5,13.184999999999999,26.85,4.375,,,37.2,,72.5,59.8,73.5,39.2,60.1,60.8
52688,145.8,424.0,814.5,321.0,221.5,162.7,867.5,124.5,4717,32,Xavi Simons,forward,10.398624838848303,147.40625,90.0,2880.0,4.55625,13.25,25.453125000000004,10.03125,6.921875,5.084375,27.109375,3.890625,78.5,95.6,97.9,97.9,,,,,88.5,95.6
1286,36.4,364.0,416.0,73.0,215.0,169.1,444.2,100.5,2573,23,Nadiem Amiri,midfielder,5.714056382145653,111.8695652173913,90.0,2070.0,1.5826086956521739,15.826086956521738,18.08695652173913,3.1739130434782608,9.347826086956522,7.352173913043478,19.31304347826087,4.369565217391305,69.3,96.1,67.9,51.2,65.0,60.3,65.5,,70.8,80.1
49833,35.7,95.0,70.0,58.5,69.0,59.3,97.3,8.5,1158,26,Moritz Broschinski,forward,14.288325791855204,44.53846153846154,90.0,2340.0,1.373076923076923,3.653846153846154,2.6923076923076925,2.25,2.6538461538461537,2.2807692307692307,3.742307692307692,0.3269230769230769,25.0,46.7,5.7,29.6,,,,,31.5,23.9
104321,0.6,0.0,176.0,34.5,64.5,82.5,208.1,24.5,1054,8,Tim Drexler,defender,-13.362249761677788,131.75,90.0,720.0,0.075,0.0,22.0,4.3125,8.0625,10.3125,26.0125,3.0624999999999996,,,29.4,,37.2,38.2,69.6,22.5,38.4,38.2
6175,9.3,39.0,921.5,124.0,418.0,537.7,784.7,151.5,4833,32,Diogo Leite,defender,-14.390599540421977,151.03125,90.0,2880.0,0.290625,1.21875,28.796875,3.875,13.062500000000002,16.803125,24.521875,4.734375,,,56.9,,79.4,81.4,66.7,46.1,72.6,76.5
9820,117.5,210.0,422.0,145.5,166.0,167.1,429.0,70.5,2922,30,Tim Skarke,midfielder,7.948335085874517,97.4,90.0,2700.0,3.9166666666666665,7.0,14.066666666666666,4.85,5.533333333333333,5.57,14.299999999999999,2.35,96.6,84.7,47.3,79.4,28.7,38.3,44.0,,56.7,56.9
1056,321.6,276.0,194.5,132.5,87.0,126.3,495.4,22.5,2846,28,Serhou Guirassy,forward,11.540461593941579,101.64285714285714,90.0,2520.0,11.485714285714288,9.857142857142858,6.946428571428572,4.732142857142857,3.107142857142857,4.510714285714286,17.692857142857143,0.8035714285714285,97.9,87.6,51.2,72.8,,,,,87.5,94.4
409,41.3,160.0,449.0,97.5,105.0,104.0,628.9,61.5,2819,20,Raphaël Guerreiro,midfielder,5.106238859180035,140.95,90.0,1800.0,2.065,8.0,22.45,4.875,5.25,5.2,31.444999999999997,3.0749999999999997,80.3,88.5,81.3,80.3,24.4,33.0,87.0,,72.5,83.7
7376,0.0,13.0,89.5,11.5,23.0,42.0,77.3,18.0,435,6,Paul Jaeckel,defender,-16.342068965517242,72.5,90.0,540.0,0.0,2.1666666666666665,14.916666666666668,1.9166666666666665,3.833333333333333,7.0,12.883333333333333,3.0,,,10.8,,25.5,28.4,25.5,20.6,23.2,11.8
1294,110.1,298.0,555.0,150.5,185.5,180.5,636.1,110.5,3767,32,Vincenzo Grifo,midfielder,7.361501210653754,117.71875,90.0,2880.0,3.4406249999999994,9.3125,17.34375,4.703125,5.796874999999999,5.640625,19.878125,3.453125,94.7,92.8,64.6,76.0,30.6,39.2,67.4,,66.9,74.1
44193,23.3,87.0,395.5,81.5,223.0,218.4,319.3,83.5,2280,23,Iago,midfielder,-1.304871567759079,99.1304347826087,90.0,2070.0,1.0130434782608697,3.782608695652174,17.195652173913043,3.543478260869565,9.695652173913043,9.495652173913044,13.882608695652173,3.630434782608696,50.2,58.3,63.6,58.3,67.9,81.3,42.6,,59.7,63.4
1708,7.5,23.0,195.5,41.5,110.0,113.7,146.6,28.5,1074,23,Jérôme Roussillon,midfielder,-2.450187969924812,46.69565217391305,90.0,2070.0,0.32608695652173914,1.0,8.5,1.8043478260869565,4.782608695652174,4.943478260869566,6.37391304347826,1.2391304347826086,22.5,8.4,23.4,17.7,21.0,29.7,10.5,,17.8,9.6
444,0.6,0.0,1050.5,160.0,5.5,35.4,276.8,146.5,3088,33,Frederik Rönnow,defender,-40.91651554404145,93.57575757575758,90.0,2970.0,0.01818181818181818,0.0,31.833333333333332,4.848484848484849,0.16666666666666669,1.0727272727272725,8.387878787878789,4.4393939393939394,,,64.7,,18.6,4.9,8.8,40.2,23.8,14.7
356,75.8,133.0,498.5,105.5,246.0,191.7,635.2,71.0,3095,25,Marcel Sabitzer,midfielder,1.6035179153094463,123.8,90.0,2250.0,3.0319999999999996,5.32,19.94,4.22,9.84,7.668,25.408,2.8400000000000003,92.8,76.0,75.1,68.4,70.3,65.0,81.3,,75.2,87.5
1306,13.3,9.0,86.5,33.0,55.5,42.5,69.1,6.0,583,10,Gerrit Holtmann,forward,10.03176265270506,58.3,90.0,900.0,1.33,0.9,8.65,3.3,5.55,4.25,6.91,0.6000000000000001,22.8,6.8,64.9,54.6,,,,,26.5,18.2
45033,10.3,0.0,295.0,34.5,144.0,146.6,264.0,45.0,1527,14,Maximilian Bauer,defender,-16.51152317880795,109.07142857142857,90.0,1260.0,0.7357142857142858,0.0,21.071428571428573,2.4642857142857144,10.285714285714285,10.471428571428572,18.857142857142858,3.214285714285714,,,27.4,,52.9,39.2,51.0,27.4,42.2,42.1
1038,60.4,99.0,196.0,51.5,120.5,77.4,233.1,30.5,1489,22,Luca Waldschmidt,midfielder,8.613278008298755,67.68181818181819,90.0,1980.0,2.745454545454545,4.5,8.909090909090908,2.340909090909091,5.4772727272727275,3.5181818181818185,10.595454545454546,1.3863636363636365,89.0,68.2,24.9,27.7,28.2,19.1,28.2,,37.7,30.6
4992,24.2,6.0,277.5,51.0,341.5,480.2,277.3,55.5,2174,24,Ivan Ordets,defender,-15.941085634066448,90.58333333333333,90.0,2160.0,1.0083333333333333,0.25,11.562499999999998,2.125,14.229166666666666,20.008333333333333,11.554166666666665,2.3125,,,6.9,,85.3,96.1,20.6,11.8,62.7,63.7
9770,185.4,322.0,252.0,74.0,86.5,129.4,293.2,55.0,2619,33,Marvin Ducksch,forward,13.01993769470405,79.36363636363636,90.0,2970.0,5.618181818181818,9.757575757575758,7.636363636363637,2.242424242424242,2.6212121212121215,3.9212121212121214,8.884848484848485,1.6666666666666665,87.6,86.5,60.3,27.3,,,,,73.8,79.7
68268,0.8999999999999999,23.0,113.0,10.0,141.5,90.4,177.8,15.5,838,16,Tim Breithaupt,midfielder,-6.4074299634591965,52.375,90.0,1440.0,0.056249999999999994,1.4375,7.0625,0.625,8.84375,5.65,11.1125,0.96875,4.8,19.1,17.7,1.4,59.8,39.7,29.7,,24.9,17.7
27388,13.0,30.0,30.0,35.0,37.0,35.5,30.6,0.0,423,21,Jessic Ngankam,forward,13.55959595959596,20.142857142857142,51.79591836734694,1087.7142857142858,1.0756501182033096,2.482269503546099,2.482269503546099,2.8959810874704486,3.0614657210401885,2.9373522458628845,2.5319148936170213,0.0,18.2,18.2,4.6,46.7,,,,,23.2,13.7
26762,64.0,115.0,254.5,131.5,126.5,94.3,185.6,18.5,1824,28,Benedict Hollerbach,forward,11.625593220338983,65.14285714285714,90.0,2520.0,2.2857142857142856,4.107142857142857,9.089285714285715,4.696428571428571,4.517857142857143,3.3678571428571424,6.628571428571428,0.6607142857142857,46.7,58.0,67.1,71.7,,,,,56.1,58.0
13599,52.4,144.0,489.0,97.0,348.5,281.1,603.9,81.0,3229,30,Jens Stage,midfielder,-3.7246134427264117,107.63333333333334,90.0,2700.0,1.7466666666666668,4.800000000000001,16.3,3.233333333333333,11.616666666666665,9.370000000000001,20.13,2.6999999999999997,74.1,72.2,59.8,53.1,85.6,80.3,68.9,,68.6,76.0
9352,53.699999999999996,62.0,58.0,27.0,58.5,52.5,70.0,12.5,819,18,Gonçalo Paciência,forward,11.033875,45.5,90.0,1620.0,2.9833333333333334,3.4444444444444446,3.2222222222222223,1.5,3.2499999999999996,2.9166666666666665,3.888888888888889,0.6944444444444444,58.0,44.4,10.2,11.4,,,,,42.2,41.0
63569,127.3,191.0,496.0,189.0,245.0,185.9,289.5,58.5,3010,33,Eren Dinkçi,midfielder,7.824126230064473,91.21212121212122,90.0,2970.0,3.8575757575757574,5.787878787878787,15.030303030303031,5.727272727272727,7.424242424242424,5.633333333333333,8.772727272727273,1.7727272727272725,96.1,80.3,50.7,86.1,45.9,38.7,22.5,,56.9,58.1
7464,0.6,20.0,40.5,7.0,43.0,36.1,78.8,-1.0,462,8,Donny van de Beek,midfielder,5.037977528089887,57.75,90.0,720.0,0.075,2.5,5.0625,0.875,5.375,4.5125,9.85,-0.125,6.2,41.1,10.0,2.9,27.3,25.3,24.9,,20.9,12.4
10218,30.5,10.0,1205.0,205.0,427.5,537.7,1213.4,188.5,6341,31,Robin Koch,defender,-16.540075973409305,204.5483870967742,90.0,2790.0,0.9838709677419355,0.3225806451612903,38.87096774193549,6.612903225806452,13.790322580645162,17.345161290322583,39.14193548387097,6.080645161290322,,,88.2,,82.3,87.2,90.2,65.7,84.9,90.2
112528,51.2,414.0,397.0,137.0,168.0,121.7,373.5,55.0,2655,28,Farès Chaïbi,forward,12.339464627151052,94.82142857142857,90.0,2520.0,1.8285714285714285,14.785714285714286,14.178571428571429,4.892857142857143,6.0,4.3464285714285715,13.339285714285714,1.9642857142857142,33.0,97.9,84.2,76.2,,,,,63.7,67.1
216,68.3,255.0,289.0,108.0,126.5,73.4,416.1,47.0,2358,31,Thomas Müller,forward,16.052337662337663,76.06451612903226,90.0,2790.0,2.203225806451613,8.225806451612904,9.32258064516129,3.4838709677419355,4.080645161290323,2.367741935483871,13.42258064516129,1.5161290322580645,45.5,83.1,71.7,56.9,,,,,60.4,63.7
76896,36.5,10.0,89.5,55.0,52.5,39.3,75.7,14.5,780,12,David Datro Fofana,forward,14.637598944591028,65.0,90.0,1080.0,3.0416666666666665,0.8333333333333333,7.458333333333334,4.583333333333333,4.375,3.275,6.308333333333334,1.2083333333333333,60.3,5.7,56.9,67.1,,,,,45.1,48.9
49835,3.3,82.0,302.0,78.5,163.0,163.2,293.6,41.0,2155,24,Felix Agu,midfielder,-2.860828625235405,89.79166666666667,90.0,2160.0,0.13749999999999998,3.4166666666666665,12.583333333333332,3.2708333333333335,6.791666666666667,6.8,12.233333333333336,1.7083333333333333,9.1,53.1,42.6,54.5,42.1,53.6,36.8,,43.8,37.8
309,46.9,182.0,289.0,113.0,79.0,65.8,427.0,36.5,2196,17,Kingsley Coman,forward,18.561481822365394,129.1764705882353,90.0,1530.0,2.7588235294117647,10.705882352941176,17.0,6.647058823529412,4.647058823529411,3.870588235294117,25.11764705882353,2.1470588235294117,53.5,91.0,89.9,87.6,,,,,73.4,78.5
7947,19.8,0.0,1191.5,227.5,285.5,305.1,1141.7,316.0,5356,25,Dayot Upamecano,defender,-10.513521126760564,214.24,90.0,2250.0,0.792,0.0,47.66,9.1,11.42,12.204,45.668,12.64,,,94.1,,61.8,53.9,95.1,96.1,70.9,73.5
30003,0.3,10.0,64.5,17.0,49.0,30.7,42.7,3.5,279,6,Jacob Christensen,midfielder,-7.302189781021898,46.5,90.0,540.0,0.05,1.6666666666666665,10.75,2.833333333333333,8.166666666666668,5.116666666666666,7.116666666666667,0.5833333333333334,4.1,23.7,34.2,40.7,55.5,31.6,13.9,,31.3,24.6
13176,23.9,22.0,529.0,102.0,332.0,358.6,469.5,63.5,3080,24,Danilho Doekhi,defender,-15.62279843444227,128.33333333333334,90.0,2160.0,0.9958333333333332,0.9166666666666667,22.041666666666668,4.25,13.833333333333334,14.941666666666668,19.5625,2.6458333333333335,,,30.4,,83.3,71.6,55.9,15.7,63.1,64.7
10254,0.0,3.0,1045.0,119.5,2.5,43.7,352.1,365.5,3282,34,Kevin Müller,defender,-40.90240780249923,96.52941176470588,90.0,3060.0,0.0,0.08823529411764705,30.735294117647058,3.514705882352941,0.07352941176470588,1.285294117647059,10.355882352941178,10.75,,,63.7,,14.7,7.8,17.6,90.2,26.5,18.6
5940,0.0,0.0,253.0,35.5,89.0,110.1,203.1,23.0,1194,11,Stanley Nsoki,defender,-11.046734520780323,108.54545454545455,90.0,990.0,0.0,0.0,23.0,3.2272727272727275,8.09090909090909,10.009090909090908,18.46363636363636,2.090909090909091,,,38.2,,38.2,36.3,49.0,8.8,37.2,35.3
106529,5.5,40.0,33.0,13.5,8.0,7.1,24.6,-3.0,217,7,Justin Diehl,forward,16.32206572769953,31.0,79.71428571428571,558.0,0.8870967741935484,6.451612903225806,5.322580645161291,2.1774193548387095,1.2903225806451613,1.1451612903225805,3.9677419354838714,-0.4838709677419355,10.2,77.4,34.1,22.2,,,,,34.0,26.2
49171,46.0,102.0,260.5,68.0,127.5,91.0,209.6,56.0,1443,29,Kevin Sessa,midfielder,4.026323218066337,49.758620689655174,90.0,2610.0,1.5862068965517242,3.5172413793103448,8.982758620689657,2.3448275862068964,4.3965517241379315,3.1379310344827585,7.227586206896552,1.9310344827586206,69.8,54.0,25.3,28.2,19.1,12.9,14.3,,30.4,22.5
1313,3.0,99.0,963.0,184.5,356.0,391.6,597.6,167.0,3955,33,Jonas Föhrenbach,midfielder,-7.092928008140422,119.84848484848484,90.0,2970.0,0.09090909090909091,3.0,29.18181818181818,5.590909090909091,10.787878787878789,11.866666666666667,18.10909090909091,5.0606060606060606,7.2,46.4,90.9,83.7,77.5,92.3,63.1,,71.0,81.1
64023,165.9,383.0,834.5,319.5,194.5,153.6,1253.0,88.0,5727,32,Florian Wirtz,forward,14.364574149180038,178.96875,90.0,2880.0,5.184375,11.96875,26.078125,9.984375,6.078125,4.8,39.15625,2.75,85.3,93.3,99.0,96.7,,,,,90.7,97.9
986,13.799999999999999,33.0,418.0,76.5,300.0,308.6,493.4,79.0,2916,26,Lukas Kübler,midfielder,-7.553742203742203,112.15384615384616,90.0,2340.0,0.5307692307692307,1.2692307692307692,16.076923076923077,2.9423076923076925,11.538461538461537,11.86923076923077,18.976923076923075,3.0384615384615383,31.1,15.8,58.8,45.0,84.2,92.8,64.1,,53.7,51.2
22947,7.699999999999999,55.0,657.5,84.0,497.0,302.7,1375.3,98.0,5444,33,Atakan Karazor,midfielder,0.04951869677897055,164.96969696969697,90.0,2970.0,0.23333333333333334,1.6666666666666665,19.924242424242422,2.5454545454545454,15.06060606060606,9.172727272727272,41.67575757575758,2.9696969696969697,17.2,23.7,74.6,32.5,94.7,78.0,95.7,,63.7,68.4
3998,45.9,32.0,54.5,40.5,45.0,32.9,58.4,2.0,617,13,Yorbe Vertessen,forward,12.22721202003339,47.46153846153846,90.0,1170.0,3.5307692307692307,2.4615384615384617,4.1923076923076925,3.1153846153846154,3.4615384615384617,2.5307692307692307,4.492307692307692,0.15384615384615385,68.3,17.1,22.8,47.8,,,,,46.6,51.2
7910,29.8,29.0,803.5,100.0,175.0,203.0,700.2,170.0,3533,22,Matthijs de Ligt,defender,-11.295389869095048,160.5909090909091,90.0,1980.0,1.3545454545454545,1.3181818181818183,36.52272727272727,4.545454545454545,7.954545454545454,9.227272727272727,31.827272727272728,7.727272727272727,,,79.4,,36.3,34.3,82.3,76.5,50.9,57.8
1265,75.7,63.0,40.5,31.0,41.5,59.3,94.0,0.0,884,19,Davie Selke,midfielder,9.369101796407186,46.526315789473685,90.0,1710.0,3.984210526315789,3.31578947368421,2.1315789473684212,1.631578947368421,2.1842105263157894,3.121052631578947,4.947368421052632,0.0,97.1,51.2,1.0,14.8,2.4,12.4,3.8,,18.4,10.5
52151,3.5999999999999996,16.0,1478.5,285.5,264.5,359.7,1313.4,194.5,5778,27,Edmond Tapsoba,midfielder,-8.419509650495566,214.0,90.0,2430.0,0.13333333333333333,0.5925925925925926,54.75925925925925,10.574074074074074,9.796296296296296,13.322222222222221,48.644444444444446,7.203703703703703,8.6,4.8,99.0,99.0,69.8,95.7,97.1,,70.8,80.1
1283,20.3,0.0,470.0,69.0,179.5,232.2,310.8,80.0,1852,17,Niklas Stark,defender,-19.777899343544856,108.94117647058823,90.0,1530.0,1.1941176470588235,0.0,27.647058823529413,4.0588235294117645,10.558823529411764,13.658823529411764,18.282352941176473,4.705882352941177,,,54.9,,56.9,62.7,46.1,45.1,56.6,59.8
32432,28.7,133.0,887.5,254.0,300.0,213.6,1046.8,56.5,4986,29,Alphonso Davies,midfielder,0.5832459677419356,171.93103448275863,90.0,2610.0,0.9896551724137931,4.586206896551724,30.603448275862068,8.758620689655173,10.344827586206897,7.365517241379311,36.096551724137925,1.9482758620689655,48.8,70.3,91.8,98.5,73.2,60.7,91.3,,81.6,94.2
460,40.1,180.0,463.0,82.0,279.0,175.0,775.9,80.5,3838,30,Mario Götze,midfielder,2.9557045215562567,127.93333333333334,90.0,2700.0,1.3366666666666667,6.0,15.433333333333334,2.7333333333333334,9.3,5.833333333333333,25.863333333333333,2.683333333333333,61.2,81.1,54.0,37.5,64.1,40.7,81.8,,63.1,67.9
50321,13.200000000000001,0.0,1431.5,187.0,365.0,448.8,1237.5,229.5,5880,25,Min-jae Kim,defender,-15.262956640491634,235.2,90.0,2250.0,0.528,0.0,57.260000000000005,7.4799999999999995,14.6,17.952,49.50000000000001,9.18,,,99.0,,87.2,88.2,99.0,82.3,90.8,98.0
1346,12.9,16.0,622.5,83.0,200.0,277.7,661.9,108.5,3341,24,Lukas Klostermann,defender,-10.983678990081152,139.20833333333334,90.0,2160.0,0.5375,0.6666666666666667,25.937499999999996,3.4583333333333335,8.333333333333332,11.570833333333331,27.57916666666667,4.520833333333333,,,51.0,,40.2,48.0,76.5,43.1,48.5,53.9
7369,36.1,136.0,364.0,76.5,278.5,182.6,402.3,35.5,2522,25,Mattias Svanberg,midfielder,2.003207470564352,100.88,90.0,2250.0,1.444,5.44,14.559999999999999,3.06,11.14,7.303999999999999,16.092000000000002,1.4200000000000002,66.0,76.5,49.3,48.8,81.3,59.3,54.5,,61.6,66.5
1088,10.1,72.0,78.5,31.5,33.0,21.7,74.4,15.0,543,11,Mark Uth,forward,12.03358348968105,49.36363636363637,90.0,990.0,0.9181818181818182,6.545454545454545,7.136363636363636,2.8636363636363633,3.0,1.9727272727272727,6.763636363636365,1.3636363636363638,11.4,78.5,55.8,45.5,,,,,40.6,37.6
26476,21.3,13.0,346.0,47.0,459.5,417.5,431.7,132.5,2958,29,Lennard Maloney,midfielder,-8.54014472777395,102.0,90.0,2610.0,0.7344827586206898,0.4482758620689655,11.931034482758621,1.6206896551724137,15.844827586206897,14.39655172413793,14.886206896551723,4.568965517241379,38.7,2.9,39.2,13.9,95.7,98.0,47.3,,42.0,34.7
27123,21.1,226.0,1246.0,140.0,433.5,311.3,1871.5,248.0,7310,32,Angelo Stiller,midfielder,-0.2816893657999724,228.4375,90.0,2880.0,0.659375,7.0625,38.9375,4.375,13.546875,9.728125,58.484375,7.75,35.9,85.1,97.1,70.1,89.9,82.7,98.0,,87.3,98.0
26903,18.8,26.0,211.0,68.5,153.0,99.5,321.4,49.0,1575,20,Felix Nmecha,midfielder,1.7125883108542068,78.75,90.0,1800.0,0.9400000000000001,1.3,10.55,3.4250000000000003,7.65,4.9750000000000005,16.07,2.4499999999999997,46.4,17.2,31.6,56.9,51.2,30.1,54.0,,38.2,31.1
30847,30.2,32.0,71.0,37.5,26.0,22.2,105.6,15.0,604,21,Adam Hlozek,forward,11.783361629881155,28.761904761904763,73.9591836734694,1553.1428571428573,1.7499999999999998,1.854304635761589,4.114238410596026,2.1730132450331126,1.5066225165562912,1.2864238410596025,6.119205298013244,0.869205298013245,30.7,11.4,20.5,20.5,,,,,22.4,11.9
68933,33.9,101.0,259.0,103.5,158.5,126.7,274.8,50.0,1803,24,Merlin Röhl,midfielder,5.202793614595211,75.125,90.0,2160.0,1.4125,4.208333333333333,10.791666666666666,4.3125,6.604166666666666,5.279166666666667,11.450000000000001,2.083333333333333,64.6,64.1,34.9,68.9,40.7,34.9,32.0,,46.1,40.7
6371,108.4,536.0,457.0,171.0,255.5,161.1,243.1,85.5,2987,31,Niklas Beste,midfielder,9.66892771497088,96.35483870967742,90.0,2790.0,3.4967741935483874,17.29032258064516,14.741935483870968,5.516129032258064,8.241935483870968,5.196774193548387,7.841935483870968,2.758064516129032,95.7,97.1,50.2,83.2,56.4,32.5,17.2,,60.2,64.1
7755,48.2,84.0,154.5,55.0,75.0,51.5,170.0,31.0,1205,22,Vaclav Cerny,forward,12.899405772495756,54.77272727272727,90.0,1980.0,2.190909090909091,3.8181818181818183,7.022727272727273,2.5,3.409090909090909,2.340909090909091,7.727272727272727,1.4090909090909092,43.2,53.5,53.5,36.4,,,,,45.4,50.1
49344,13.299999999999999,135.0,585.0,116.0,275.0,274.8,596.7,65.0,3617,30,Luca Netz,midfielder,-2.522039106145251,120.56666666666666,90.0,2700.0,0.4433333333333333,4.5,19.5,3.8666666666666663,9.166666666666666,9.16,19.890000000000004,2.1666666666666665,26.8,68.2,72.2,64.6,62.7,77.5,67.9,,66.6,72.9
10456,0.6,10.0,412.5,69.5,191.0,181.2,389.7,49.5,2199,17,Kevin Akpoguma,defender,-11.305728689275893,129.35294117647058,90.0,1530.0,0.03529411764705882,0.5882352941176471,24.26470588235294,4.088235294117647,11.235294117647058,10.658823529411764,22.923529411764704,2.9117647058823533,,,43.1,,60.8,41.2,62.7,18.6,49.5,54.9
46957,18.400000000000002,42.0,193.5,62.0,154.5,106.1,232.3,39.0,1448,23,Adrian Beck,midfielder,4.642294159042927,62.95652173913044,90.0,2070.0,0.8000000000000002,1.826086956521739,8.41304347826087,2.6956521739130435,6.717391304347826,4.613043478260869,10.1,1.6956521739130437,40.2,25.8,22.5,35.9,41.6,26.3,26.8,,29.1,21.3
32182,22.7,20.0,41.0,18.5,46.5,29.0,41.5,15.0,552,18,Mikkel Kaufmann,midfielder,9.35751391465677,30.666666666666668,78.85714285714286,1419.4285714285716,1.4393115942028984,1.2681159420289854,2.59963768115942,1.1730072463768115,2.948369565217391,1.8387681159420288,2.6313405797101446,0.951086956521739,65.5,15.3,2.4,4.8,7.2,1.4,0.5,,8.8,1.9
1415,35.9,220.0,191.5,54.0,158.0,119.8,279.7,38.0,1597,24,Tobias Kempe,midfielder,5.0592096876991715,66.54166666666667,90.0,2160.0,1.4958333333333331,9.166666666666666,7.979166666666667,2.25,6.583333333333333,4.991666666666667,11.654166666666667,1.5833333333333335,67.4,92.3,20.6,25.3,40.2,30.6,33.5,,43.1,35.9
4168,130.6,148.0,252.5,90.0,113.0,79.1,287.8,28.5,2028,29,Robin Hack,midfielder,8.206767676767676,69.93103448275862,90.0,2610.0,4.503448275862069,5.1034482758620685,8.706896551724137,3.103448275862069,3.896551724137931,2.7275862068965515,9.924137931034483,0.9827586206896551,98.5,74.6,23.9,49.7,14.8,7.7,25.3,,38.4,31.6
53526,2.6,19.0,500.5,62.5,163.0,173.0,565.0,94.0,2727,21,Anthony Rouault,defender,-10.87742530431575,129.85714285714286,90.0,1890.0,0.12380952380952381,0.9047619047619048,23.833333333333336,2.976190476190476,7.761904761904762,8.238095238095239,26.904761904761905,4.476190476190476,,,42.1,,34.3,33.3,75.5,42.1,40.1,41.2
115582,4.9,25.0,99.0,21.0,69.0,68.4,92.2,7.0,734,13,David Jurásek,midfielder,-3.249245541838134,56.46153846153846,90.0,1170.0,0.3769230769230769,1.9230769230769231,7.615384615384616,1.6153846153846152,5.3076923076923075,5.261538461538462,7.092307692307692,0.5384615384615385,24.4,29.7,19.1,13.2,26.3,34.4,13.4,,21.9,14.8
977,18.9,16.0,631.5,97.5,305.5,443.8,559.5,125.5,3312,24,Robin Knoche,defender,-17.02364352834192,138.0,90.0,2160.0,0.7874999999999999,0.6666666666666667,26.3125,4.0625,12.729166666666668,18.491666666666667,23.312500000000004,5.229166666666666,,,52.0,,75.5,90.2,64.7,52.9,73.0,77.4
8355,8.4,108.0,709.5,130.0,225.0,219.9,629.7,99.5,3329,27,Emir Karic,midfielder,-0.3946682823386854,123.29629629629629,90.0,2430.0,0.3111111111111111,4.0,26.277777777777775,4.814814814814815,8.333333333333332,8.144444444444444,23.322222222222223,3.685185185185185,20.6,61.0,88.0,78.4,56.9,68.4,77.0,,71.0,81.1
822,30.0,118.0,152.0,77.0,72.0,60.2,113.2,28.0,1433,24,Karim Onisiwo,forward,14.571938775510205,59.708333333333336,90.0,2160.0,1.25,4.916666666666667,6.333333333333334,3.2083333333333335,3.0,2.5083333333333333,4.716666666666667,1.1666666666666667,20.5,66.0,44.4,53.5,,,,,41.9,39.8
62650,5.8,113.0,568.5,103.5,299.0,282.9,515.2,102.5,3392,27,Kiliann Sildillia,midfielder,-6.4064064362336115,125.62962962962963,90.0,2430.0,0.2148148148148148,4.185185185185185,21.055555555555554,3.833333333333333,11.074074074074074,10.477777777777778,19.081481481481482,3.7962962962962967,16.3,63.6,77.5,63.6,80.8,87.5,64.6,,69.3,77.7
5835,63.0,86.0,154.0,53.0,80.5,53.8,198.0,13.5,1263,24,Nathan Tella,forward,15.315938511326861,52.625,90.0,2160.0,2.625,3.5833333333333335,6.416666666666667,2.2083333333333335,3.354166666666667,2.2416666666666667,8.25,0.5625,52.3,45.5,46.7,23.9,,,,,44.3,43.2
4366,15.0,30.0,36.5,15.0,17.5,22.9,41.2,6.5,407,22,Dawid Kownacki,forward,13.599744245524297,18.5,47.57142857142857,1046.5714285714284,1.2899262899262902,2.5798525798525804,3.1388206388206394,1.2899262899262902,1.504914004914005,1.9692874692874693,3.5429975429975435,0.558968058968059,21.6,21.6,8.0,5.7,,,,,17.7,6.8
45038,48.5,20.0,658.0,99.0,588.0,707.6,762.8,113.0,4560,33,Sepp van den Berg,defender,-16.10746961325967,138.1818181818182,90.0,2970.0,1.4696969696969697,0.6060606060606061,19.93939393939394,3.0,17.818181818181817,21.442424242424245,23.115151515151513,3.424242424242424,,,21.6,,97.0,99.0,63.7,28.4,75.8,83.8
94862,12.3,105.0,202.5,73.0,73.0,84.0,188.0,26.5,1278,24,Noah Weißhaupt,midfielder,5.768750000000001,53.25,90.0,2160.0,0.5125000000000001,4.375,8.4375,3.0416666666666665,3.0416666666666665,3.5,7.833333333333333,1.1041666666666667,30.6,66.5,23.0,47.8,8.1,18.4,16.7,,31.1,23.2
46337,81.7,175.0,561.5,128.0,223.5,169.5,988.2,86.0,4378,31,Enzo Millot,midfielder,6.935807050092764,141.2258064516129,90.0,2790.0,2.6354838709677417,5.64516129032258,18.112903225806452,4.129032258064516,7.209677419354839,5.467741935483871,31.877419354838707,2.774193548387097,88.0,78.4,68.4,67.0,45.0,37.3,88.0,,69.1,77.0
23324,0.0,3.0,344.0,36.0,1.5,9.9,136.7,81.5,917,8,Alexander Meyer,defender,-41.32093784078517,114.625,90.0,720.0,0.0,0.375,43.0,4.5,0.1875,1.2375,17.0875,10.1875,,,91.2,,21.6,6.9,41.2,88.2,36.4,33.3
1189,0.0,0.0,869.0,75.0,1.5,17.2,396.1,276.0,2842,27,Gregor Kobel,defender,-40.60475519549137,105.25925925925925,90.0,2430.0,0.0,0.0,32.18518518518518,2.7777777777777777,0.05555555555555555,0.6370370370370371,14.670370370370371,10.222222222222223,,,66.7,,13.7,1.0,31.4,89.2,26.0,16.7
4044,1.2,3.0,257.5,55.0,226.5,129.5,357.2,51.5,1730,20,Bartol Franjic,midfielder,-5.833137829912023,86.5,90.0,1800.0,0.06,0.15000000000000002,12.875,2.75,11.325,6.4750000000000005,17.86,2.575,5.5,1.4,44.0,38.3,82.7,51.7,62.7,,42.0,34.7
23350,15.5,33.0,752.5,143.5,195.5,259.8,479.8,145.5,2864,15,Philipp Lienhart,defender,-16.85256140350877,190.93333333333334,90.0,1350.0,1.0333333333333332,2.2,50.16666666666667,9.566666666666666,13.033333333333333,17.32,31.986666666666665,9.7,,,96.1,,78.4,86.3,83.3,85.3,85.1,91.2
38637,2.1,3.0,605.5,111.5,254.0,310.1,547.6,66.5,3240,22,Moritz Jenz,defender,-18.084102244389026,147.27272727272728,90.0,1980.0,0.09545454545454546,0.13636363636363635,27.522727272727273,5.068181818181818,11.545454545454545,14.095454545454546,24.89090909090909,3.022727272727273,,,53.9,,63.7,67.6,67.6,21.6,61.2,61.8
10035,25.3,32.0,955.5,157.0,480.5,619.9,834.2,167.0,5239,33,Felix Uduokhai,defender,-15.869004611837049,158.75757575757575,90.0,2970.0,0.7666666666666667,0.9696969696969697,28.954545454545457,4.757575757575758,14.56060606060606,18.784848484848485,25.27878787878788,5.0606060606060606,,,57.8,,86.3,92.1,68.6,51.0,78.8,86.3
4669,29.1,200.0,423.0,105.5,251.0,232.5,527.2,88.0,3220,33,Ridle Baku,midfielder,3.4094369298521547,97.57575757575758,90.0,2970.0,0.8818181818181818,6.0606060606060606,12.818181818181818,3.1969696969696972,7.6060606060606055,7.045454545454546,15.975757575757578,2.666666666666667,43.5,81.8,43.5,52.1,50.2,56.4,53.6,,55.2,53.6
10126,32.4,49.0,60.0,24.0,35.5,32.8,59.8,9.5,629,22,Sven Michel,forward,13.851650165016503,28.59090909090909,73.51948051948052,1617.4285714285716,1.8028616852146262,2.726550079491256,3.3386327503974558,1.3354531001589824,1.975357710651828,1.8251192368839426,3.327503974562798,0.5286168521462639,31.9,26.2,12.5,6.8,,,,,24.2,15.9
1023,0.0,0.0,1049.5,106.5,3.0,68.1,417.7,234.0,2990,30,Alexander Nübel,defender,-42.140515222482435,99.66666666666667,90.0,2700.0,0.0,0.0,34.983333333333334,3.55,0.1,2.2699999999999996,13.923333333333334,7.800000000000001,,,75.5,,16.7,18.6,29.4,77.4,33.3,30.4
1979,5.8999999999999995,39.0,422.5,76.0,185.5,147.9,492.2,79.0,2576,17,Ramy Bensebaini,midfielder,-2.7719765166340506,151.52941176470588,90.0,1530.0,0.34705882352941175,2.2941176470588234,24.85294117647059,4.470588235294118,10.911764705882353,8.7,28.952941176470585,4.647058823529411,23.4,37.3,84.7,72.2,78.9,74.1,84.2,,69.4,78.7
3153,60.4,241.0,657.0,224.0,250.0,234.9,704.1,90.5,4135,33,Romano Schmid,midfielder,5.769865030674847,125.3030303030303,90.0,2970.0,1.8303030303030303,7.303030303030303,19.90909090909091,6.787878787878787,7.575757575757576,7.118181818181818,21.336363636363636,2.7424242424242427,76.0,86.6,74.1,92.8,48.8,57.4,71.7,,73.6,85.1
441,39.0,238.0,513.5,107.5,239.0,232.7,474.2,37.5,3386,29,Pavel Kaderabek,midfielder,3.9831792424694306,116.75862068965517,90.0,2610.0,1.3448275862068966,8.206896551724139,17.706896551724135,3.706896551724138,8.241379310344827,8.024137931034483,16.351724137931033,1.293103448275862,61.7,89.4,65.0,60.7,56.0,67.9,56.0,,66.7,73.7
31448,10.9,33.0,160.5,31.0,79.0,70.9,217.4,22.5,1052,15,Leonidas Stergiou,midfielder,-4.011196172248804,70.13333333333334,90.0,1350.0,0.7266666666666667,2.2,10.700000000000001,2.0666666666666664,5.266666666666667,4.726666666666667,14.493333333333332,1.5,37.8,35.4,33.5,20.6,25.3,27.3,45.4,,33.0,28.7
105759,26.099999999999998,39.0,441.5,83.0,254.0,178.3,648.5,90.0,2737,29,Hugo Larsson,midfielder,-4.010774907749078,94.37931034482759,90.0,2610.0,0.8999999999999999,1.3448275862068966,15.224137931034482,2.8620689655172415,8.758620689655173,6.1482758620689655,22.362068965517242,3.103448275862069,44.0,18.2,52.1,42.3,59.3,45.4,75.1,,48.1,44.2
622,8.6,45.0,849.5,180.5,251.0,319.1,655.7,71.5,3698,23,Matthias Ginter,defender,-13.292915309446254,160.7826086956522,90.0,2070.0,0.3739130434782609,1.9565217391304348,36.934782608695656,7.8478260869565215,10.91304347826087,13.873913043478261,28.508695652173916,3.108695652173913,,,81.4,,57.8,64.7,78.4,23.5,64.9,65.7
48270,28.2,16.0,376.0,124.0,236.0,136.2,467.5,47.0,2455,22,Manu Koné,midfielder,1.512184003315375,111.5909090909091,90.0,1980.0,1.2818181818181817,0.7272727272727273,17.09090909090909,5.636363636363637,10.727272727272728,6.1909090909090905,21.25,2.1363636363636362,60.3,5.7,62.2,84.7,77.0,46.9,71.3,,55.9,55.0
29372,203.7,146.0,250.5,135.5,182.5,144.1,252.5,3.5,2288,33,Ermedin Demirovic,forward,13.554947560419517,69.33333333333333,90.0,2970.0,6.172727272727273,4.424242424242424,7.590909090909091,4.1060606060606055,5.53030303030303,4.366666666666666,7.651515151515151,0.10606060606060605,89.9,60.3,59.2,62.6,,,,,74.0,80.8
2498,49.3,61.0,812.0,143.0,331.5,429.1,738.3,111.5,4337,28,Ozan Kabak,defender,-11.948380330925191,154.89285714285714,90.0,2520.0,1.7607142857142857,2.178571428571429,29.000000000000004,5.107142857142857,11.839285714285715,15.325,26.36785714285714,3.982142857142857,,,58.8,,66.7,77.4,71.6,33.3,67.2,69.1
23088,4.1,76.0,101.0,38.5,30.5,32.8,72.5,4.5,600,20,Florian Pick,forward,12.352107925801013,30.0,77.14285714285714,1542.8571428571427,0.23916666666666667,4.433333333333334,5.8916666666666675,2.2458333333333336,1.779166666666667,1.9133333333333333,4.229166666666668,0.26250000000000007,1.1,61.4,39.8,28.4,,,,,26.6,19.3
647,16.7,120.0,342.5,59.5,150.5,185.9,284.1,48.5,1826,20,Silvan Widmer,midfielder,0.4270810210876801,91.3,90.0,1800.0,0.835,6.0,17.125,2.9749999999999996,7.5249999999999995,9.295000000000002,14.205000000000002,2.425,41.1,81.1,62.7,45.9,46.9,79.4,43.0,,59.1,61.9
22955,39.1,63.0,89.0,42.5,78.0,48.5,86.0,4.0,835,19,Sargis Adamyan,forward,11.612079701120797,43.94736842105263,90.0,1710.0,2.057894736842105,3.31578947368421,4.684210526315789,2.236842105263158,4.105263157894737,2.552631578947368,4.526315789473684,0.2105263157894737,37.6,42.1,28.4,26.2,,,,,36.2,27.3
41429,35.0,52.0,131.5,61.0,63.0,49.6,224.2,21.0,1093,26,Woo-yeong Jeong,midfielder,8.893154486586495,42.03846153846154,90.0,2340.0,1.3461538461538463,2.0,5.0576923076923075,2.3461538461538463,2.4230769230769234,1.9076923076923078,8.623076923076923,0.8076923076923076,62.2,31.1,9.6,28.7,3.3,2.4,22.0,,19.0,11.0
22952,18.4,56.0,65.0,31.0,41.5,33.7,66.0,-0.5,633,20,Lukas Daschner,forward,13.535520000000002,31.65,81.38571428571429,1627.7142857142858,1.0173775671406002,3.0963665086887833,3.5939968404423377,1.7140600315955767,2.2946287519747233,1.863349131121643,3.649289099526066,-0.027646129541864135,14.8,34.1,15.9,13.7,,,,,20.4,10.2
1333,42.3,268.0,738.0,74.0,366.5,298.8,897.0,253.0,4387,30,Maximilian Arnold,midfielder,-2.2259779107225035,146.23333333333332,90.0,2700.0,1.41,8.933333333333334,24.599999999999998,2.466666666666667,12.216666666666667,9.96,29.9,8.433333333333334,63.6,91.3,84.2,31.1,88.0,83.7,85.1,,80.0,91.3
930,13.200000000000001,9.0,16.5,7.0,34.0,10.6,67.3,3.5,398,17,Maximilian Philipp,midfielder,9.144300518134715,23.41176470588235,60.20168067226891,1023.4285714285714,1.1608040201005025,0.7914572864321608,1.4510050251256281,0.6155778894472362,2.9899497487437183,0.9321608040201005,5.918341708542714,0.3077889447236181,56.0,6.7,0.5,1.0,7.7,0.5,7.2,,6.7,0.5
52528,164.6,32.0,130.0,72.0,89.5,95.0,152.1,-0.5,1362,31,Benjamin Sesko,midfielder,9.751800766283525,43.935483870967744,90.0,2790.0,5.309677419354839,1.032258064516129,4.193548387096774,2.3225806451612905,2.8870967741935485,3.0645161290322585,4.906451612903226,-0.016129032258064516,99.0,9.6,7.2,26.8,6.2,11.0,3.3,,13.7,5.7
94848,0.8999999999999999,23.0,303.0,74.0,125.0,172.7,284.6,30.0,1664,20,Jordy Makengo,midfielder,-4.616727493917275,83.2,90.0,1800.0,0.04499999999999999,1.1500000000000001,15.15,3.7,6.25,8.635,14.23,1.5,3.3,12.4,51.2,60.3,35.4,71.7,43.5,,39.5,32.0
15718,31.1,230.0,254.0,48.0,99.5,99.9,304.0,83.5,1689,21,Arne Maier,midfielder,9.674880668257757,80.42857142857143,90.0,1890.0,1.480952380952381,10.952380952380953,12.095238095238095,2.2857142857142856,4.738095238095238,4.757142857142857,14.476190476190476,3.9761904761904763,67.0,93.7,39.7,25.8,20.1,28.2,45.0,,47.8,43.0
46593,44.5,23.0,203.5,100.5,81.0,71.7,143.7,7.0,1232,21,Karim Adeyemi,forward,10.733666666666666,58.666666666666664,90.0,1890.0,2.119047619047619,1.0952380952380953,9.69047619047619,4.785714285714286,3.857142857142857,3.414285714285714,6.842857142857142,0.33333333333333337,39.8,8.0,75.1,74.0,,,,,38.9,33.0
10528,4.4,33.0,462.5,54.5,265.0,232.7,415.0,126.5,2279,22,Klaus Gjasula,defender,-11.03779457536683,103.5909090909091,90.0,1980.0,0.2,1.5,21.022727272727273,2.4772727272727275,12.045454545454545,10.577272727272726,18.863636363636363,5.75,,,26.5,,69.6,40.2,52.0,60.8,50.0,56.4
29367,10.600000000000001,0.0,243.0,19.0,149.0,214.0,202.3,52.0,1368,15,Andreas Hanche-Olsen,defender,-17.384187082405344,91.2,90.0,1350.0,0.7066666666666668,0.0,16.2,1.2666666666666666,9.933333333333334,14.266666666666667,13.486666666666666,3.466666666666667,,,11.8,,52.0,69.6,27.4,29.4,45.6,47.0
1376,0.0,10.0,739.5,109.5,7.5,72.1,161.4,185.0,2447,30,Robin Zentner,defender,-40.079435813573184,81.56666666666666,90.0,2700.0,0.0,0.33333333333333337,24.650000000000002,3.65,0.25,2.4033333333333333,5.38,6.166666666666667,,,46.1,,22.5,20.6,2.0,67.1,26.8,23.5
1320,32.4,62.0,613.5,157.0,461.0,317.0,816.4,68.0,4015,33,Maximilian Eggestein,midfielder,-0.8708207452165158,121.66666666666667,90.0,2970.0,0.9818181818181817,1.878787878787879,18.59090909090909,4.757575757575758,13.96969696969697,9.606060606060606,24.739393939393942,2.0606060606060606,48.3,27.3,69.8,77.5,92.8,81.8,79.9,,66.6,72.9
1457,3.2,33.0,195.0,38.0,80.5,84.9,171.8,46.5,1098,16,Marnon Busch,midfielder,-2.7632596685082875,68.625,90.0,1440.0,0.2,2.0625,12.1875,2.375,5.03125,5.30625,10.7375,2.9062500000000004,14.8,33.0,40.2,29.4,23.0,36.8,29.2,,32.0,26.5
9630,3.2,10.0,77.0,16.0,41.0,34.1,116.9,13.5,492,10,Fabian Schnellhardt,midfielder,0.4569672131147542,49.2,90.0,900.0,0.32,1.0,7.699999999999999,1.6,4.1000000000000005,3.41,11.69,1.3499999999999999,21.0,8.4,19.6,12.4,16.3,16.3,34.0,,18.2,10.0
9544,31.9,166.0,457.5,119.5,209.5,207.3,357.5,42.0,2606,23,Phillipp Mwene,midfielder,1.8259765625,113.30434782608695,90.0,2070.0,1.3869565217391304,7.217391304347826,19.89130434782609,5.195652173913043,9.108695652173912,9.01304347826087,15.543478260869565,1.826086956521739,63.1,86.1,73.7,82.3,61.7,76.0,50.7,,71.4,82.7
51567,7.8,45.0,83.0,29.5,41.0,30.6,129.1,11.0,632,11,Giovanni Reyna,midfielder,8.23296178343949,57.45454545454545,90.0,990.0,0.7090909090909091,4.090909090909091,7.545454545454545,2.681818181818182,3.7272727272727275,2.7818181818181817,11.736363636363636,1.0,36.8,62.2,18.7,35.4,13.9,8.6,34.4,,31.1,23.2
929,40.2,68.0,124.5,54.5,74.5,45.7,176.4,18.5,979,27,Eric-Maxim Choupo-Moting,forward,10.803430353430352,36.25925925925926,90.0,2430.0,1.4888888888888892,2.5185185185185186,4.611111111111111,2.0185185185185186,2.759259259259259,1.6925925925925929,6.533333333333334,0.6851851851851852,26.2,19.3,27.3,17.1,,,,,22.4,11.9
9447,27.900000000000002,62.0,921.5,144.5,435.0,422.1,716.3,140.0,4357,25,Maximilian Wöber,defender,-14.183657407407408,174.28,90.0,2250.0,1.116,2.48,36.86,5.78,17.4,16.884,28.652,5.6,,,80.4,,96.1,83.3,79.4,56.9,85.5,93.1
46932,13.5,16.0,1029.0,132.5,239.5,329.1,1039.2,124.0,5606,32,Castello Lukeba,defender,-14.63490616621984,175.1875,90.0,2880.0,0.421875,0.5,32.15625,4.140625,7.484375,10.284375,32.475,3.875,,,65.7,,33.3,37.2,85.3,32.3,46.1,48.0
1047,19.7,102.0,1156.0,222.5,382.5,451.6,699.4,165.0,4509,30,Jeffrey Gouweleeuw,defender,-13.688811969629299,150.3,90.0,2700.0,0.6566666666666666,3.4,38.53333333333333,7.416666666666666,12.75,15.053333333333335,23.313333333333333,5.5,,,86.3,,76.5,72.5,65.7,55.9,75.1,81.8
13136,9.6,22.0,334.0,58.5,358.5,368.1,361.9,56.5,2413,29,Erhan Masovic,defender,-11.976174496644296,83.20689655172414,90.0,2610.0,0.3310344827586207,0.7586206896551724,11.517241379310345,2.0172413793103448,12.36206896551724,12.693103448275863,12.479310344827585,1.9482758620689655,,,5.9,,70.6,58.8,24.5,7.8,46.4,50.0
49785,0.0,10.0,1127.5,100.5,0.0,55.2,305.5,255.0,3142,34,Noah Atubolu,defender,-40.74392106938256,92.41176470588235,90.0,3060.0,0.0,0.29411764705882354,33.161764705882355,2.9558823529411766,0.0,1.6235294117647059,8.98529411764706,7.5,,,68.6,,4.9,11.8,9.8,75.0,23.7,13.2
53653,27.0,36.0,70.0,33.5,57.5,39.8,87.6,9.5,736,14,Patrick Wimmer,midfielder,9.4125,52.57142857142857,90.0,1260.0,1.9285714285714286,2.571428571428571,5.0,2.392857142857143,4.107142857142857,2.842857142857143,6.257142857142856,0.6785714285714286,78.4,42.6,9.1,30.1,16.7,9.6,9.1,,22.5,15.3
8451,0.0,0.0,170.0,30.0,0.0,7.800000000000001,53.7,22.0,498,7,Jiri Pavlenka,defender,-43.54638554216867,71.14285714285714,90.0,630.0,0.0,0.0,24.285714285714285,4.285714285714286,0.0,1.1142857142857143,7.671428571428572,3.142857142857143,,,44.1,,4.9,5.9,5.9,24.5,14.1,2.9
476,59.6,16.0,1090.0,180.5,339.5,489.7,1463.9,120.5,6433,31,Jonathan Tah,midfielder,-9.564716006884682,207.51612903225808,90.0,2790.0,1.9225806451612903,0.5161290322580645,35.16129032258065,5.82258064516129,10.951612903225806,15.796774193548387,47.222580645161294,3.8870967741935485,78.0,3.8,94.7,87.0,79.4,98.5,96.6,,73.1,84.2
69885,6.9,26.0,70.5,32.5,9.0,3.4000000000000004,41.3,9.5,298,7,Bryan Zaragoza,forward,15.495578231292516,42.57142857142857,90.0,630.0,0.9857142857142858,3.7142857142857144,10.071428571428571,4.642857142857142,1.2857142857142856,0.48571428571428577,5.8999999999999995,1.3571428571428572,12.5,49.5,76.2,69.4,,,,,38.2,31.9
29174,66.4,32.0,380.0,87.0,424.0,361.3,474.1,44.5,3119,31,Leandro Barreiro,midfielder,-1.1594231399541135,100.61290322580645,90.0,2790.0,2.141935483870968,1.032258064516129,12.258064516129034,2.8064516129032255,13.67741935483871,11.65483870967742,15.293548387096775,1.435483870967742,81.3,9.6,40.7,39.5,91.3,91.8,49.3,,47.8,43.0
9395,2.6,177.0,613.5,177.0,332.5,273.5,324.4,47.5,3018,25,Kevin Mbabu,midfielder,2.326002020882452,120.72,90.0,2250.0,0.104,7.08,24.54,7.08,13.3,10.94,12.975999999999999,1.9000000000000001,7.7,85.6,83.7,93.7,89.4,89.9,40.2,,75.9,88.0
